TaxPayerid,Income,Deduction,Dependent,FillingStatus,IsFraud
01afb1c1-2b20-4cfb-9227-15ce96e03497,463842.29,4633.11,0,married,0
5c2f72e8-6084-4adb-bbd0-0752104a492e,289902.37,2071.02,1,single,0
892489b7-b55c-4572-a315-2b8cbe56fe4c,467721.5,2964.3,4,single,0
abc13ef5-9c12-4b2f-828d-02f6675887e1,93934.05,3662.48,4,married,0
16b90105-0197-45d0-8a5e-12a0782e5447,448913.88,3623.34,2,complicated,0
37272884-f5b4-47ec-82b6-1e6bc9e27654,338826.56,501.21,4,married,0
80024933-620f-4ac3-b192-cfc5013e1a26,433336.44,3756.4,1,single,0
63ef2ecb-b568-4143-98f1-e1825f449d6e,234337.56,3032.36,2,single,0
859221a4-132e-4755-ac57-66f3a11e3485,406881.44,2092.68,3,single,0
f56f0001-8701-479a-ae11-9e28c6ed5bc4,243189.43,3863.6,2,single,0
d5954873-7881-49f9-a37e-f6c642b77147,149223.87,4893.6,0,single,0
68c261bc-e7a6-4411-bc60-eb292eb729f9,391012.57,2800.5,1,married,0
30ae6030-ca20-4996-83c5-59befa090ae0,336128.43,3586.17,0,complicated,0
dd9e4300-662a-4c8e-87e8-b034ab857955,341934.29,3250,2,complicated,0
42257757-c38d-480d-b1ab-fbcd607bc6d2,331822.93,423.32,1,single,0
91aa13e5-02a9-4f92-9d34-30a9b1844d73,223877.99,3874.43,2,single,0
bc11728e-a7af-4db9-9ec2-bd223d2734f3,83557.34,4685.5,3,single,0
ff1abb62-bbba-41fe-9f3e-cf5ea944464e,236652.04,2636.72,1,single,0
02c485ff-b954-481c-b85e-a15155a2c446,482007.81,129.76,4,complicated,0
ad7f64b9-1f80-4a5b-b46e-1a4c05ca7c01,442283.88,1242.81,3,single,0
d709f3a9-e3dc-4280-aa93-08d20d180b8a,459826.85,2584.98,4,married,0
9dec587c-5cd0-45a5-9be8-943a694d4349,280050.06,4306.35,4,single,0
28bb0869-c0d3-4cdd-b521-280473a0fd04,79980.81,1456.8,4,married,0
0c4cf817-e4f5-4653-899c-8631aab1d076,228912.55,1553.33,0,complicated,0
417efce0-3cce-43dc-a11a-57f2fbf19c90,65251.56,4078.49,0,single,0
be51e0b2-0425-477a-afbd-026693f7584f,125811.36,2354.43,0,married,0
f30e966a-1b33-4fac-b0d7-c7d0a2652d12,486499.49,1602.6,3,complicated,0
5f4e607b-176d-461d-8f91-8ac2e74c986c,80327.21,4922.04,0,married,0
44183f1f-ea1b-4cc4-a7fa-2b08a6880fb8,464076.82,3965.51,0,married,0
6a5dfb0a-1fce-42d7-b10c-d6920aadaef7,283467.15,1281.81,4,married,0
39852bcc-dd0b-4a4d-a601-6fc604d77367,193296.44,772.33,4,married,0
955c8637-5cd1-40c6-9af8-543998c05ec8,336668.05,4181.83,0,single,0
04b473b7-29c7-4cdf-832c-6256edf47537,345097.53,718.44,2,single,0
a5b472cf-519e-412c-86e0-5c881380c4cc,207957.74,3351.36,3,complicated,0
66c638cc-7155-47a8-8637-e6287cdcfdf5,336446.16,4793.67,0,married,0
adc7de27-4181-4a52-a896-bbce93b7c88b,459169.23,1484.84,1,complicated,0
e02b616b-482c-46ac-bf6b-f4aa8d252c07,68534.16,3142.71,3,single,0
7764c60d-ed85-42fb-a35d-d785d1eb9070,303474.21,720.63,2,single,0
b4e6f885-a6b4-487f-835e-e0d206207e27,408058.02,2192.26,2,married,1
862bc51f-6a0c-4f37-93ce-92f7216fa2f8,61280.91,2605.53,4,single,0
5fef20b7-6617-4960-8b3b-2561f9666382, ,970.63,4,complicated,0
e1cd1fb4-0d9d-4be3-9bd6-cf35ce51dbaf,262638.6, ,2,complicated,0
b2ab5c59-15ff-4039-bf15-4a73e87a1a53,430377.22,2855.09,4,complicated,0
e0eee9e0-eff1-4103-88a0-30d4cc63a0f4,347815.67,2400.6,3,complicated,0
6d140106-090b-452b-865e-3e78a5dde2af,456068.65,2741.4,2,complicated,0
c37fb0e3-c3ed-4216-be25-171e220463d8, ,248.46,0,single,0
db9ace31-3b2c-44a6-b7ef-b11f400f59f6,130001.26,3850,4,married,0
47947b85-d460-43f2-91ee-4e26e1ede675,160918.88,314.48,2,complicated,0
c21a31c3-ef7e-4067-8cc0-46755ab17807,477562.49,3627.87,3,married,0
4c8cbc73-b0e6-432d-b39a-f5f85042f758,357138,883.71,4,married,0
c51a0d91-8481-43f9-80e7-7497204fcece, ,124.65,4,single,0
35460e10-22b2-4a1c-8f25-0e4a11beb413,389072.86,2471.68,1,married,0
19505969-4d23-4122-b0f7-47a20ed8e707,162824.37,1687.25,1,married,0
4e820dc9-1c2b-4c96-bd39-d194eae2009a,165384.21,825.48,0,married,0
34594de2-921f-46ee-9aef-545313b74a2d,475367.72,4918.18,3,single,0
04d5cbc5-cd72-45a1-a6aa-09ee8b7a0478,437493.62,2219.53,4,married,0
bd6db978-7547-4a1f-9031-b3efd8d9439d,200723.2,2454.17,1,complicated,1
0e9a05c9-8454-46ed-91c6-7e35487829ad,230685.26,438.69,4,complicated,0
b64ce630-ed1c-4129-a44b-5bfb59edf532,154886.6,3642.52,0,single,0
b0237581-cbd2-4971-9c87-65e7467359cd,205026,1975.61,3,single,1
6054b1eb-e1fa-464b-9b30-f7cb1fa80141,455748.97,1886.52,2,complicated,1
00425255-b57c-4568-8fc7-8335e6f03922,152208.24,4287.43,2,complicated,0
cf4a2948-2958-4b98-8254-19c2dbb46fbe,233819.95,4823.67,4,complicated,1
2940053f-a2a1-43cb-b4dc-f2437b564a0c,210819.14,3465.44,2,single,0
8e91bce6-0ae0-422e-a0ea-ebbdd2bd90de,196679.19,1356.97,0,complicated,1
943f5f09-0e81-4183-9e21-af2423dd5a6f,374683.03,272.44,4,complicated,0
27631d3e-8f1b-443d-925e-0c7c8789996d,142851.82,1813.03,2,complicated,0
777973be-5bf0-4a5c-bca8-492dfee010c0,81296.16,358.95,2,single,0
11a2819a-67ae-474b-a9ff-f66c75a499d9,304680.8,3925.69,3,married,0
f5ad638a-17e7-4d59-94c4-b14ae25c2fdc,450006.25,4817.61,0,single,0
8f05b152-e13f-4a84-8404-61230391611f,355087.82,1651.56,4,complicated,0
92fd2f16-7bb1-47c3-876d-d548785e8b17,230582.9,3503.95,2,complicated,1
86d83c3f-6ed1-4679-b24a-9229ede2b39a,306852.59,3516.79,3,single,0
8623e2bc-c0fa-44a4-a426-b5c8652d61a5,403058.25,3626.81,3,married,0
064fc36c-5602-4dd6-82a2-dcdd13b9fb8b,353881.96,2713.49,2,married,0
98e8eb42-2cd2-4485-b906-0bf3a413a746,367546.54,3712.43,2,single,1
f90d00a6-d469-4867-a2e9-0a274983ed7d,86905.65,3782.23,3,married,1
65087a95-2dc8-4e5f-a61c-32ec23ae8b77,234231.41,15.17,2,complicated,1
b5cadf72-b02f-42bb-8978-2e9d68cecc44,362270.13,4979.41,1,single,0
21a438f1-8e6f-47e9-8391-f2a5db6d9cff,92614.4,1462.73,4,married,0
68b44870-6591-4a93-a3bb-c06b59aeb2d3,201295.93,747.67,0,complicated,1
9391bb0c-bb22-4ac9-9fcf-ee719f7d6d56,352990.03,2108.28,1,single,0
4b58f415-43c1-43d4-bfc6-258ef5106595,341015.19,2987.99,4,married,1
d31bce30-61f4-4a46-890a-a663a8964f54,209263.17,3310.86,3,married,1
8422acf8-419a-4e66-9b02-d229f1e33db1,255033.89,3892.81,2,single,0
707af183-b1af-4274-88ea-b295aa5e9de9,385103.87,1648.3,3,single,0
50fff8fc-44d4-4d30-b297-3f334738ab07,92168.36,2887.17,4,complicated,0
77663b93-3641-4e9a-a312-562c69627dae,318766.14,3914.5,3,complicated,0
eeaa7d71-892c-4f9c-acfc-39ab80f0a7a7,69109.47,1451.96,2,single,0
a33bb79d-5189-4802-9bc4-4531f211a048,402272.99,2213.96,3,married,0
1a4c4a5c-b5fd-4fcc-9c16-727384f4b496, ,1241.92,0,complicated,0
aaa42d1d-4f19-44a6-8f52-96db2f17769f,186548.17,4145.08,1,married,0
2f9096e7-f6b0-40e8-b4a3-81351d5db7c5,229879.5,412.94,2,complicated,0
c51721eb-ffc1-4105-9e1d-40bd2140fe8d,159678.75,1958.12,3,single,0
5d763d2e-2b35-4acd-a3cf-86c537809ec8, ,2971.18,0,married,1
13ebe595-89e3-4422-a7d7-f4101c7877f6,140667.21,2522.09,3,married,0
0e6cd19d-bffb-420c-8004-9fcf8dd5cb6a,110564.37,592.54,2,complicated,0
e594a83a-8f31-4f0f-bae4-afffa89a7917,393717.22,580.46,1,single,0
da9df449-3bc1-4018-95ba-7056b637b04e,183466.26,745.99,4,single,0
18f073b5-2b69-4ffc-b55c-aa2e27b29ca7,206474.79,3523.49,0,married,0
45e1bb3b-5762-45b3-bfbd-394f8111ef3e, ,1421.25,4,married,0
a33445dd-51c3-4476-b4e3-d64cfd685ecd,399940.59,4588.39,1,complicated,0
5e1f8ce0-63c8-4e9e-87e3-8d352617aa9f,213274.74,1725.59,2,single,0
d9a98635-08db-436f-a412-896998adbfb2,297145.21,2748.92,2,married,1
819991e9-603c-4aee-8339-1834a95adfb0,323006.8,3887.55,3,single,0
1f2d507b-5479-4266-9a5d-21f59fdff1a3,132418.66,3043.77,0,married,0
3d986d9f-448f-499f-b40a-3bb7f47012c6,247324.41,349.02,4,complicated,0
335dc187-32a0-4b40-b913-1b56255f9fa2,180695.88,3827.92,2,complicated,0
194e53e4-52d1-40af-93e5-8f9012d05d6d,281141.68,145.43,4,single,0
516f1987-1158-4c86-9af4-c9fababb1ea6,197957.47,2708.52,1,single,0
59122a25-ada3-4d89-8516-be71cc773773,179750.15,2347.65,4,complicated,0
27fd36fe-eeec-4db7-9074-05e0d1cabfba,281819.84,316.14,0,complicated,0
1a0075f1-ffa9-4ae4-86c3-798b546d53ee,188146.98,4560.45,0,single,1
6f54faec-7274-4872-8458-072463e03f4e,56575.52,3732.94,4,single,0
e64a1ce3-ed66-4c4e-a158-af71c35b76e7,54132.67,4895.52,4,married,0
78ccf7a4-6cdd-4b8e-9df9-ffde0cec0c31,53732.51,3539.35,3,married,0
6c9827eb-2c46-49a7-86b8-1402b0e878c9,174674.06, ,3,complicated,0
9c6955b0-2964-4267-8ca5-969bf3561e25,365122.97,2167.63,0,married,0
a9717983-9a88-4337-a600-33084d76d26b,306779.94, ,2,single,0
9addc836-46f4-4a42-a99f-9116b1397af1,401370.04,1205.2,4,single,1
a19f5ccb-71fa-4ac7-bda8-496fa34556f5,297138.8,2059.9,1,single,0
486aa865-6610-47cd-a3bc-b32388ee54eb,91695.98,782.13,4,single,0
8f3869be-3f05-4d41-afe7-b26b1a600bb1,468570.13,3342.07,3,complicated,0
a713ffaf-0cca-47b8-9963-a145d4d3235e, ,3815.47,1,married,0
d11cf218-68a0-49e7-b760-9bbd22a90ebc,420599.26,1185.61,4,complicated,0
cbabfb2a-fd95-44c0-b73c-8e317eb4896d,304523.46,2538.55,0,single,0
10b51966-b741-40e6-af97-cba4ad27de68,200474.07,2389.41,0,complicated,0
f9e28b53-536b-4828-840a-d795a46f1249,318807.82,3577.02,2,married,0
6defb0bd-4be5-44b2-956d-044dc8e42830,445681.65, ,3,complicated,0
3177b098-dd7c-434f-9533-774791eb1e76,107352.33,3308.17,1,single,0
ec9fc841-5367-49e0-9e21-59297d97c0cf,493086.43,3839.47,0,married,0
d878c78c-5eb1-408e-9887-1011869ccbdf,175893.45,3458.49,1,single,0
ecd439f3-e0fb-42e0-80ce-6c368e013c8d,406298.74,1062.72,4,complicated,0
da345ab7-3010-45cc-8ec9-bf024360de43,354865.6,89.91,2,complicated,0
671a987f-ef57-41b4-b82f-4f68ef4061e3,349256.87,1172.94,1,married,0
a7a1c63c-bf22-4636-b974-daac9a026d0c,392658.15,1965.02,2,single,0
0e4cf1ee-c13a-41bc-b5a6-1121ef4bdb08,156684.53,3886.81,1,single,0
94ad3fc4-1ab7-489f-a091-09caf29c5680,83672.23,1767.99,2,single,0
5178bedc-c176-4091-95d6-9f9b9366c88a,68639.04,553.79,0,single,0
decfbcc1-772d-4146-967e-1261e677dcbb,240094.28,2355.7,2,married,0
dcbd8ef7-3ae5-41fe-b575-e6c7b3f1e2de,237969.08,323.3,4,single,0
971c3714-6053-49c8-8224-762b03fc2fd9,205426.49,3708.23,0,complicated,0
98d03d28-9525-45e6-8be7-2cd8c442d79f,85867.2,2295.34,1,married,0
afd0d2d8-e2e5-44c0-a8cc-3f4c9da3d0bd,86747.71,2040.76,1,married,0
22a64383-b6e0-4304-bfd9-18bc51fb8cf0,206524.06,1456.19,4,complicated,0
f061fb7f-ea82-4c5b-b16f-7ecc6f1aa320,121410.1,4420.05,4,married,0
44e56ad6-fe6f-429c-b8f1-883311cd93fa,459238.31,3356.37,4,complicated,0
12ea73af-4722-4ece-83b0-be57cde6592c,99769.09,1056.5,0,single,0
267d6aee-967d-46c4-92a0-d71756401504,407214.47,3548.17,4,married,0
5070eb0a-54ec-4e23-a31d-6e14fdf7bf2b,223624.66,1981.3,2,married,0
86fdd735-48c8-4a57-8519-450b3034b6e9,435803.11,2646.25,0,single,0
f3abe92f-eecb-4577-b9fa-cede75c5f28f,61018.43,4532.23,0,single,0
239e24d0-4401-4f10-b583-840e26818ad6,417066.94,4546.1,3,single,0
47e0b89e-6020-484c-8264-fb8bde9723ae,414296.51,1387.7,2,single,0
73b9c6c8-21d9-4f9d-88c3-99abe40070a4,388980.95,3251.81,1,complicated,0
1993f278-adf3-4ab7-b8f2-83eea6ac8f1e,335704.15,2178.9,3,married,0
6babbe0e-1c60-478d-8c12-9cb2a1019313,125899.35,2884.92,4,complicated,0
24408162-4a06-42f3-87e3-312795b1a3d6,174151.22,4494.33,2,complicated,0
7a530a1c-56f1-40d3-bfd9-ffeb51eef3a2,492639.2,4856.19,1,single,0
45b6699b-99ee-465e-a913-7afd7d27c2a7,82128.2,1988.21,1,married,1
b0a52790-839d-4a2d-a98d-c4a0bce08a8e,363760.16,3414.64,0,complicated,0
14dae616-400c-4723-a24b-f23af29932bf,297206.45,3181.39,2,single,0
da9d51e2-e6ea-4653-b4e6-2361e40437f3,457500.65,1989.56,4,complicated,0
292aa25e-2f74-4b75-b0ba-a3972b3fba25,145471.5,1700.4,0,married,0
cc763772-53bb-4c97-a765-373749440579,449754.24,4223.22,1,married,0
039f2dd3-5037-4b97-901d-ffb1ed6bfeac,60274.34,1728.45,0,single,0
18a1866c-fd6d-4cc5-860c-3effb67a4cdc,234336.84,2490.04,0,complicated,0
ee8e32da-e94f-4fbd-b7fe-51e2d70ac4ae,318103.72,2148.24,4,married,1
981d7161-6664-4455-952c-5e01224a2941,257112.13,827.55,1,married,0
75c931eb-5d91-42af-bc2d-a187e0664945,288766.82,1356.15,0,married,0
a4cd1b0b-56b4-47b2-9cd1-f62cba5c9ab6,447104.31,4948.21,2,complicated,0
a989d435-537e-4ba9-bcab-66e84e643b05,229125.69,0.85,1,married,0
559a8713-84a6-46fb-a0f6-062d69d17e54,223539.62,198.49,2,single,0
e87e39f8-b913-4c92-aeaa-9fdd512e8ca6,315365.19,3465.87,1,married,0
d0c26236-9bfd-423b-b5e6-f6236261ab09,251036.39,4343.02,1,married,0
2d8668b8-f9b2-4689-99b1-84ad8fea7719,105896.21,3978.7,2,married,0
f4b5ab04-12ae-4496-9bda-00bb3c1328ce,241825.33,1054.03,2,single,0
68a0b047-3dbd-40c9-a729-7f32b84c1176,388856.89,2801.15,2,complicated,0
cb7ef61b-ac79-44cb-98cb-864f7e2d6fe1,275056.34,1452.43,3,married,0
449d1a32-2125-4ebb-a22c-943c2644f7a8,147381.87,2459.27,4,single,0
4f23524e-1c7b-4aea-8976-c160a441ccd7,190189.47,1753.01,0,complicated,0
f171bdd0-2947-421d-9971-5f23ad0b8cea,223639.72,3249.46,4,married,0
4a532fe3-5539-44d3-a119-ba1a5dc4383d,226453.58,2742.16,4,married,1
fa6f1244-85b2-4ff3-8596-24301fabb7f1,103066.5,3994.41,1,complicated,0
b60221ee-57f8-4399-b0b6-e37ebf0acdae,238100.58,722.2,1,complicated,0
a8c368dc-9a43-4d91-8314-0855796a932d,224857.8,1768.68,0,single,0
d94e3ccc-139c-43b4-9b02-fd97b46af5b2,423931.02,4844.02,3,single,0
7934c390-2986-45fe-8763-db98b5b39e07,204505.83,1425.64,3,complicated,0
d4f84325-6cd9-4220-88ab-5fdf7f2c25f5,173969.33,2497.27,3,married,0
2e4684eb-de64-400e-9253-d1668aa81437,409466.52,4425.58,2,single,0
4aff7276-5dca-46b6-a9bd-8b192a431cb2,72403.5,1169.14,3,complicated,0
4b445a33-2e93-407f-a25e-262636ac64fd,406446.26,3146.95,0,complicated,0
26c9eea4-2836-4129-966d-27f6cb776794,246314.73,4667,4,married,0
e768f0a3-b36e-4305-989e-27986476a67c,480056.38,2315.24,0,married,0
0b133306-785b-4327-8606-86934c9f7b8b,160833.49,3687.51,1,complicated,0
e73aa6c5-5ef8-4a36-b1d2-362b73073964,365484.21,4898.21,0,married,0
e228fb3c-3f26-4b54-8fbf-f650e20ad56b,412545.56,2963.91,4,single,0
64581756-31a5-42db-be28-058f108b0611,490641.18,3362.52,4,single,0
cfe26581-cebd-45c5-a9f2-c5caa45c7da7,342005.45,348.61,4,complicated,0
08dcb147-a8ec-4843-bcaa-af3aee15c493,385733.73,1914.12,0,married,0
f7ffe49d-9308-400f-bd4f-4d97660062c8,52598.27,105.59,4,single,0
9f3db3da-6b2b-49b7-ada8-98a9a4336a84,314035.61,3134.05,1,complicated,0
6440601e-e4ec-42be-a637-0300f49c758b,234413.31,1058.01,3,single,0
5053149d-0fa2-407e-9b0f-e031e11e636f,379415.06,3172.92,4,single,0
6546ed28-63e9-4b44-afb4-407ea9d9e72f,147344.22,1289.6,3,married,0
8fda80c7-5a8a-4332-bca9-defbc70d3e3a,334470.56,4833.13,4,complicated,0
384ef1c9-5b8d-4717-97b0-e3d8598fcb67,457000.81,1736.24,2,complicated,0
d62a7125-21c6-4f1b-bdb2-271866767698,181240.27,4786.67,2,married,0
4e3a8569-239b-4ab4-87ba-469ed2763432,399978.83,4384.68,2,complicated,0
1fee8490-884d-4950-acbb-5df043597a55,114975.87,4101.75,0,married,0
e94c4924-83e9-44e6-9528-3133d5bb7f08,130614.51,1414.12,4,single,0
8b2fa322-974a-43c5-a862-1684771fbf7e,68680.98,4364.22,0,single,0
ac5bc15c-945d-42da-9f26-196c66a23f4b,202313.59,3010.3,0,married,0
9b6f2185-9ba8-4db0-b25e-03fe8262a30c,386654.88,3354.01,4,single,0
c7c69309-8b34-47ae-8f5c-8a5b9ae15a1a,391902.52,2565.84,0,married,0
239bde9d-3e67-42dc-82ab-014782e4950e,144346.16,4354.85,0,married,0
c8e5b240-6e54-4f55-9a2b-91bc8e75972e,478972.66,4142.43,3,married,0
230d5eb3-fa05-4d5a-b7cb-b3aa67ff065e,430013.41,4539.69,1,complicated,0
bf8cca74-cf1e-4c63-a3c1-eeb743a96e60,215306.24,2266.2,0,single,0
ffc2b42b-4ef9-4fc5-92e0-fe2046b71d4f,195224.74,2513.46,2,complicated,0
ca8ea8c7-fb97-4c99-a079-0d7de08972d1,320138.57,774.12,4,married,0
0c7bce26-642d-44ae-ae3c-476e5066cfa1,303873.34,3022.73,1,complicated,0
bd0405bf-18d7-48f2-b66e-153c1cd8f035,344461.78,2151.77,3,married,0
c65b7beb-2607-46f5-b328-fc4d388ec6d5,139669.76,2613.77,3,single,0
2b34507b-6014-4a4c-8602-cb3ef57866c3,496925.57,4796.17,3,complicated,0
04d29c55-d666-4086-8b82-1e35eb321f7b,204547.85,2519.7,3,married,0
4d4c78bb-e707-48d1-a7fe-2d91ed778d40,395025.98,1606.71,1,complicated,0
49d09350-0891-4d88-9b07-7189f6acf773,202912.76,2874.47,4,complicated,0
dc2cd6dc-8ecf-4360-960d-f5538740138f,103035.32,1131.05,4,single,0
ebd124eb-a636-4762-a70f-60dc52f8a1c7,122376.66,1029.08,3,married,0
c71d80be-cb1b-48d7-bb52-58e07c5cd81a,246727.09,870.94,0,single,0
1384cacc-7688-4118-ae1a-8cda2e066bcb,101492.52,1885.32,3,single,0
27cedfbe-f9bc-4ecd-9126-3a1b9577eedb,217539.74,2257.93,4,married,1
41ce79ed-6244-4a93-b753-9e3f49864959,308531.24,539.7,1,complicated,0
0bb8ae96-046a-473c-af2c-2f3560ff4866,470561.83,1876.26,2,married,0
ae907e88-7d07-4280-8a1d-a6a217bc81bb,223149.88,4977.66,0,married,0
78cd5ef0-1655-47a7-b7b0-e7256cf5afc1,449606.37,4333.72,0,single,0
602252c1-7ef1-49ce-a1dd-3a8a68c4b004,265627.22,498.58,4,complicated,0
82949458-3812-4960-9e21-7a1f03daac3f,499507.63,1186.38,4,married,0
306db9ed-a611-4408-b5bf-212fdbb33ba9,386211.2,4233.07,4,single,0
605f290d-81e0-465f-984a-dac46b876580,110745.91,4300.2,3,complicated,0
346b1800-36a0-4248-84d0-5d9c279d5a6a,413050.95,2069.78,1,complicated,0
34369bde-966e-41d6-8095-412fbf35265f,326144.72,4342.73,4,complicated,0
ac104a2b-88aa-4e59-957b-5e41ce21dfab,96676.79,970.38,2,single,0
dc37f255-8795-4b95-a9c0-cb8d7420d302,145223.72,1715.44,0,single,0
9205c540-2a9b-47d4-ad90-510b7861320d,80129.85,4626.11,3,complicated,0
728135e6-bc1b-47db-af59-6c918d8d89aa,427775.35,3549.33,4,married,0
3756984a-540f-4e59-9846-c465d1e5ae48,235701.11,4778.71,3,complicated,0
745df339-7bf6-485e-9447-5421beb0f253,254027.8,2163.84,2,single,0
9e9e9952-ee24-4801-94d1-cc2aeb3fc7bf,355054,2564.8,3,single,1
11836cb8-a792-4c2d-bbe4-8127f996fd41,218793.79,3630.43,1,complicated,1
40153126-a307-4074-95d9-3aa34376387d,151556.18,2907.71,4,single,0
b85c536f-1fea-453b-8254-0a2da8830618,384894.41,2164.15,2,married,0
4fc55aaa-c600-4a10-9763-b2ad3f330619,476802.6,4387.14,1,married,0
e2e28324-bfc8-4c0c-82d0-9c3bcd616fc1,184332.27,516.73,3,complicated,0
ec7caa7d-c23d-493b-91df-8c478960d212,265295.07,4340.4,3,single,0
5e5ecc9d-81c9-43aa-90ad-aea624d3e73d,404680.26,2745.4,1,complicated,0
d9dce0f2-22ec-4618-8fa7-abee6e81f1de,327642.52,3562.18,0,single,0
755b083f-1ac9-46d4-a949-a6506ed25f51,476593.61,2373.21,0,complicated,0
437a4885-757e-4cf7-8905-ad2827189774,87411.28,2705.39,4,married,0
1314e2ff-edde-42f9-aa94-9003a8e57436,411234.32,2947.64,2,complicated,0
e5d480a8-f56b-4bb2-8a66-83d269457fba,424716.87,1756.56,0,married,1
7c3ac179-d222-4a85-bd6a-2b94be09e849,468570.36,1839.33,2,single,0
d7282263-0dde-4e05-9942-c1196bfd22c2,222955.14,398.18,0,married,0
c6a3a903-d1ef-4286-85ea-08dddfed5f32,487509.27,3102.4,4,complicated,0
45343530-35a5-4d29-96be-dadc363c91d5,134657.81,2494.79,4,single,0
a95b809d-72f5-49a6-9424-957a1c088e0f,151934.53,4427.6,3,married,0
bc8be6e8-3c3f-46f1-8e31-b8dfc7a8bd64,202811.92,2701.51,0,single,0
bb2f7673-cabc-43f7-95ef-686b93527ddc,479135.5,4966.72,4,single,0
254b059e-77dd-4b61-8589-c85197d9c983,477604.7,1089.46,4,complicated,0
2bdd3150-5ade-4f11-80de-1526d28b3198,449974.71,4645.72,3,complicated,0
b873785b-03ff-430c-95d9-8940e835a298,72748.28,543.97,0,complicated,0
f66aa451-bb6b-42ce-bba9-2774a651a6e6,60085.66,2202,4,complicated,0
da26d17a-9db1-46c0-af81-f6bf9db2f34a,344327.27,2466.69,2,complicated,0
5e40cf85-345f-4201-836c-548a3ef1bca0,383482.26,2872.04,1,single,0
db0e8c33-ecf0-49ab-953b-02d531b063d3,120755.59,1154.4,3,single,0
b752684f-9f33-4a08-8f17-65ebe0a205bb,134420.17,2458.05,1,married,0
d1db5453-44d3-4ee6-8885-e73900bc39aa,459474.38,3391.8,4,single,0
d1ee8584-2a66-4bd0-8e10-2228c98e0b82,121893.34,969.22,3,married,0
a99f641a-cdfa-4f3c-9d62-eb5a676a9fb3,64400.44,3197.29,0,married,0
2badff5f-0827-4bd2-a33e-479cb8a9acdf,173746.5,2829.72,1,single,0
7e9e7d89-216b-460c-9c42-a4829d5e04df,372977.29,409,0,married,0
49866d55-e3d2-4bf0-a8b1-9428517625a1,155157.79,1517.84,1,single,0
7b532c01-0c45-4aac-a5cb-9fd26326622c,119524.99,1697.39,3,complicated,0
93368a94-a36b-48d4-b913-020d166b7290,138195.58,775,2,married,0
09f13050-061c-4f72-9df2-7ceeb9cbb22e,451529.03,3328.58,0,married,0
52b36fd4-ea67-44b5-8a84-3bdb13ba3fa8,261771.23,672.37,4,single,0
8f1dad4b-d565-4869-943b-bc0ef49dcc0b,433972.36,3966.49,4,single,0
e29990ad-ec9f-45e9-ba9d-3fbb966140cf,484931.16,2800.63,1,single,1
47f79e55-ed15-42dc-9586-7127a1c33133,365720.69,4426.2,2,complicated,0
cd5d27c8-01cf-4571-a5fa-9345021b9655,394644.37,2493.49,4,married,0
35dd4dce-ff6f-4149-bf14-609c781d8188,367408.82,4012.24,0,complicated,0
4df8bb51-e993-4b36-8bc1-ee0125db563e,98519.75,4659.53,2,married,0
19063bd4-1767-44e4-ab57-9e378c16cdf2,356437.62,251.6,3,single,0
a18feaf0-bd53-4515-98db-9922d07aa75d,246450.65,4296.99,1,complicated,0
8539c39a-971d-4803-a230-7da7d3e31710,243716.82,3681.87,0,single,0
d23a15fc-2925-4753-a197-86c380d45071,192214.54,704.83,2,single,1
26fafdfd-b0b5-409e-8e44-b05884a72367,184117.42,4728.63,4,single,0
1571a264-8c0c-4e97-a453-87638f2e2d7a,300812.54,3151.25,0,complicated,0
1c90d389-0bed-41be-889d-c95f46a62fdc,53529.45,674.41,2,single,0
d07e9fe6-300e-4570-bb4a-65b6ab4877a1,63266.66,1226.27,2,married,0
6a18685e-ce6e-4cb0-b528-d087541d9d38,80110.93,449.28,2,single,0
17667a33-4104-45b7-9dc0-88084299b00e,149343.1,4668.4,0,married,0
b8f09147-5571-42d0-94e6-4eaec650d007,245711.44,1300.26,0,single,0
2131d551-876c-49bc-b555-7b627e4be9f9,387996.21,941.49,0,single,0
673e80cd-3112-4861-a68e-368c08b5e4b4,408753.48,3797.89,4,complicated,0
0ca49f3b-85a8-445a-b7f4-2e4e7bc3b1c1,311376.72,1385.66,2,single,0
7c53ab8f-00c7-434b-9974-cdb6bf99f868,496745.63,902.44,2,complicated,0
fb8f6d57-5b0d-4c3b-b8be-90db356452f2,351821.24,3602.45,2,single,0
aa106e83-e8cf-4a78-bbeb-2d19a7181a77,328177.12,714.89,3,single,1
453213cf-9bf5-4e7c-8b3b-4f223bcc108b,66632.37,4534.55,4,complicated,0
f89e6704-3796-4977-a65e-1f0507e84a55,99815.35,385.98,1,single,0
05c8d5ef-37af-42b2-b6b7-0c5a0a0990e9,258111.44,1255.06,2,married,0
8c753b86-1510-46f7-b91e-8126c226eae2,463900.75,3847.5,0,married,0
bd82fcf2-2745-4510-a2dd-8d631b667390,337425.14,2624.1,0,single,0
513db5a6-5567-41cb-8daf-025f94742503,215035.7,1959.69,4,married,0
91bfd92c-d491-41aa-a5ca-c53f210e95c2,331567.43,192.52,1,complicated,0
c7316fde-0f5e-4934-acf0-892297acbf50,138150.78,4994.84,2,single,0
07d1f383-810c-4e35-aeb4-a2f1619b8201,152457.29,2579.62,3,single,0
41c0be90-df97-4dd1-8fa8-a5b3e126c252,237937.57,1380.95,0,single,0
579de255-2fc2-47ae-a695-fcabd31cb830,128370.61,2487.22,0,complicated,0
f14e1561-137c-42a7-8822-6fb8e1abb196,395772.7,4250.07,0,complicated,0
803488b6-c54d-440c-a36e-6cd4e020488c,159825.21,3227.09,2,complicated,0
0cfe1ed1-f582-4f57-a08b-3e4e36c373c4,77729.67,4162.78,0,married,0
7963ffb7-8bdc-490e-94a9-fe7b656a3265,240859.6,362.59,2,complicated,0
91c7ba54-49e5-48cd-953c-96323ee28cee,88126.16,4482.72,2,complicated,0
4011f139-91be-48f6-be75-408d5c4a97e4,273744.93,199.98,2,married,0
a85addda-687e-4b53-97be-1e729b69ffaa,400140.97,583.52,2,single,0
6bda15fb-2494-4e51-8cc7-02e279249977,486166.54,3623.97,1,complicated,0
ba19b261-1123-40f9-83a0-2d5eb896ad09,322037.82,4897.95,4,single,0
5d6b43be-8e01-4bb9-9156-ee9b7e84e3d3,58020.91,1685.31,4,complicated,0
e0d661a6-ee37-4634-bfaa-b08735b4801c,236874.42,2317.2,3,married,0
7408932a-dffb-4b13-8195-aae5e94f37ae,337837.72,4227.01,0,complicated,0
edfaa24e-0579-4832-afa6-607e2b381ed5,214355.55,673.79,0,single,0
2f1db433-efe5-48be-adf0-8e04b9551e33,487736.61,3027.3,0,single,0
bb84dee2-53b7-45d8-830f-633a17d6ba8b,468130.4,2758.14,1,married,0
292be622-d470-4f6b-9acf-74421774ed01,469522.54,2302.76,0,complicated,0
86bf4481-f204-48f3-9917-6ab8dd565430,203635.15,1680.64,4,single,0
abc8328a-92ff-40a3-aeca-106a8beb4d46,166649.49,4001.39,2,single,0
ed122997-7156-40ce-9963-b29a197032fb,456534.03,3549.68,2,complicated,0
2bbe93d7-d006-4c2a-bbc8-1dbce5769494,218524.57,2559.07,2,complicated,0
8fe32eb9-dcfe-4110-b17f-acd8a6af05aa,326400.09,1924.12,2,single,0
520c5bf9-20b9-4a8d-8009-8cd7439c5b1e,237192.52,2859.56,0,single,0
3cdb3bcc-b9a9-4bf5-bfd4-069fa88fd679,283197.65,3527.06,4,married,0
0c10785d-2e2d-4aca-9846-722a8f4e9c20,333571.41,4670.55,2,married,0
9abd6934-0c54-4023-8a47-6f1d2b7885bb,85592.6,1111.69,1,married,0
d38d1652-8aaf-486e-ad49-7329223dd1f2,308667.53,732.41,0,married,0
f32e79a0-c80a-4f25-8cc7-3a575c73be3f,436569.23,1662.56,2,single,0
99c58b80-7053-4fef-bd60-a011ca33cda3,397050.63,1473.31,3,married,0
e3fa4b5f-6af5-4f27-ad4c-b5273563acb6,248155.92,730.99,1,complicated,0
d2587c47-94e8-4587-a04b-1ebe8fb8a005,316832.57,2815.29,4,single,0
b8ebf62f-32e0-416e-9892-77e8e27a4a2c,189150.95,1351.31,2,complicated,0
f0d234e0-2cff-40f9-980b-54c84532c378,449547.85,3844.61,0,married,0
43ad14fd-3b14-4897-ada9-cda9f598a782,260759.18,2921.33,3,complicated,0
becc4e40-ca87-419e-958b-da64d5e569a2,434031.8,3871.1,3,single,0
792b98d2-deac-4062-a2d1-f5553aa2e4d7,325102.29,2068.56,3,married,0
a6666067-0d95-43f9-8978-e23d6f9b58fc,127986.94,2536.54,4,single,0
eb70bfb5-a64a-4868-8281-d864b7de77b2,293300.01,171.15,1,complicated,0
7f1b0fb3-b263-4347-8423-22a167079d43,283612.83,4257.24,0,complicated,0
c0059637-0078-4ab9-8a97-f651cb1c9f0f,114972.29,4637.93,1,married,0
dc7ccf81-8cff-4a38-95c8-e6a135d5eaa2,77643.5,543.22,2,complicated,0
2a5696c7-5c68-47df-ae22-986e851ddbd8,380350.4,4749.15,4,married,0
9aec0a01-f248-4bb4-957e-d9c9d7636ced,278231.65,2368.83,2,single,0
aed420e5-6240-4f15-9134-bf013c35c8cd,352041.67,111.49,4,single,1
8fb2c9c6-4187-4649-8dd6-65a6643d8d5c,264552.62,3714.59,2,single,0
6a8940e9-8888-48e3-9de6-05a9bd99c234,474911.22,2011.84,3,complicated,0
5ecfd4d7-3bfb-4e82-8ca1-0924c2fcd069,295856.71,2480.98,3,single,0
a251688a-782d-443c-96bd-13e5832aab21,130327.31,58.91,2,complicated,0
a9ad9cca-2c49-4794-af06-70bc4ff9e637,457847.86,1266.39,2,married,0
6cab82d9-ca25-4572-bcba-0413e09da36d,187323.05,3441.38,4,single,0
4bcea5e8-ab0a-4f25-8965-4ed223344723,264111.44,4727.26,0,married,0
22950b6b-cb34-43eb-b272-62f6562179ea,439785.17,3476.37,4,married,0
f4536705-297b-47cb-af55-6d27285f8d38,70048.63,1659.72,4,complicated,0
be122afa-9d2d-4d30-91f7-8dde42812fc1,403629.9,2626.12,0,married,0
d83a1298-31aa-4573-9e62-7ba9f5717da1,106662.33,2681.33,0,complicated,0
648b8fc9-56fe-46e5-9681-b4622755348c,267701.77,4149.87,3,single,0
b23e74ed-14b3-4ab7-b2e9-aab0c1c47459,198102.68,4452.78,0,single,0
43a78254-3716-40eb-8f78-255ba12e2e3c,379000.98,451.87,3,married,0
f2a015d7-7ab3-4f61-91dc-6cac1dfe4f5c,182570.27,159.66,0,single,1
fa40286a-9701-404c-8c56-f9b990a311a4,410258.34,280.67,0,married,1
28167e21-5f03-4af5-ab37-5cd763455662,436011.92,260.53,3,complicated,0
94ec5823-f82f-4c5d-9c3a-63b89c501a26,330066.58,4416.08,2,single,0
ee1aea1c-7cdc-49af-81da-7e4ac6956426,305215.28,770.37,3,single,0
8994d7fa-6847-47f7-bdf5-e532016e94ef,393029.21,2741.38,0,complicated,0
6564b89b-6319-4a21-964a-dd3e692b18f6,334725.02,3373.28,2,single,0
e091b9ce-74fa-4db5-98fb-02b46a8ffa3f,303487.91,4294.69,3,married,0
395fd280-c33c-4d9d-bd30-aab5ea0bf467,55320.85,4376.93,4,married,0
f553e12f-c782-4b52-bb2b-2c2e01fef41f,484124.44,407.56,4,complicated,1
80859909-fb90-4d11-b70e-45e24d6852d7,219603.17,753.7,1,single,0
95cbad05-d397-4ecb-9f3e-07ea2f63dd24,159564.44,1064.47,1,married,0
7fa678a5-509f-4262-a912-ecf290da8517,249133.06,783.5,3,single,0
67b141ec-c94c-4e31-9f5b-27787550be37,249375.48,3708.3,1,single,0
05b644a2-260d-4c68-a776-6038085ad982,388613.48,1141.28,2,married,0
5e3132cd-6f1f-47c2-93e3-7c7f929b2f20,320163.47,2718.43,3,complicated,0
cba9aab4-55f0-476c-8a84-14612fef5144,416030.42,862.39,1,married,1
d839c559-92ab-4ba9-abfc-c12508087ab3,113593.95,714.39,2,single,0
968960ed-d966-4dce-a5f7-c735f0162665,414816.37,2172.59,1,complicated,0
4f4bdf9a-f8d0-4c48-be6c-b0409f15c796,387520.69,3908.71,1,married,0
3be69bd1-c834-40e5-8570-74152365405b,465078.05,213.87,0,single,0
f872708a-05da-4212-bd02-7f1a52ecb568,150404.66,3867.19,4,complicated,0
52fecd4f-6c7c-4949-94c2-9cdee0bef9b2,357609.36,2643.34,2,single,0
8023bf00-e40a-42fb-be09-e1b3b4c545fd,382201.49,4282.2,3,complicated,0
a26ec5f7-3c21-40f9-be41-80c15da29087,324025.28,4687,2,complicated,0
57e35aad-5674-4d6a-a5c9-afd31640e498,318856.66,2352.6,4,married,1
b18da4bd-c47b-4ae2-9096-17da9fe70f4e,475957.63,2525.32,2,single,0
3a1187f8-7c92-45a6-8fce-cc85fb7f2899,350927.16,822.7,1,complicated,0
1a266c7b-6995-49a8-8a94-0d9b657e500d,362446.7,4572.77,4,complicated,0
04223cef-239d-4d2e-a573-3db2e788dde4,243136.04,2748.17,0,married,1
1b93d033-41db-4adf-812a-19f5001985df,138418.75,1009.72,4,married,0
0716312d-c2e1-4d48-b4c1-673e8f0ffff3,110426.99,1984.19,2,single,0
2cbaea19-24d4-40a4-8b85-48cc6282a1e4,461123.7,2945.79,4,single,0
def6dfcf-0905-46ca-839e-520203ca37ec,327034.5,4583.93,1,complicated,0
f63b4362-77f6-4660-b75c-eff2211bfce8,125956.41,2283.3,2,single,0
6091ac1a-2106-4ef4-8691-56a942583536,431511.98,2714.59,4,complicated,0
25d5ee2e-aa45-4d0c-81f0-cd7cef4f3d96,53800.19,4945.29,2,single,0
62baeee8-aaf7-476c-b874-5916e393b4b9,397753.53,4611.5,4,single,1
0998dacd-d5f3-4cd7-a9d3-e8dd298e9244,229684.03,720.27,3,single,0
b14965e8-0f99-42d6-a3c2-1a834e03d836,345183.46,4000.67,1,married,0
01153d67-8da4-4dc0-b1c2-8af3516e8c5a,226009.15,1179.61,0,complicated,0
80f943da-8250-4fba-9a71-0b839e7fc0ed,368351.01,3049.59,1,married,0
ceda2801-23d8-427a-a4b5-8ddf1422eb57,212247.72,1258.99,4,single,0
15a6cdfd-57a2-45f5-9c75-3915b66f4831,161699.74,3477.45,0,complicated,0
337b8bcf-fcee-40d5-8b8e-fe6f4c1f9867,384547.59,1639.08,0,complicated,0
e811dd6b-ea48-4d93-8803-d30340cf9b56,417366.21,3075.7,1,married,0
7dadf491-be68-4fd8-b777-eb46b4d4e9f7,412570.96,4619.21,0,complicated,0
2a145fd2-8f2c-4745-88e2-407596a4f68d,472301.31,4385.38,0,married,0
3db65cc0-172e-482b-a13e-67ae4f417625,447414.94,4339.21,1,complicated,0
786fe940-993e-4bb7-bdae-2afcf6ee82ab,451164.46,1721.67,0,single,0
b277c821-756a-42b1-8706-63ed97d99ad3,138452.14,4055.5,4,single,0
9a435036-7894-4b0d-ac05-620be2f2cd21,258213.23,193.23,3,married,0
7f41f07b-6a8a-43df-a9d5-ba051b45811a,457757.95,2580.94,1,single,0
d07d8606-a52b-4ca4-b920-be936d13a078,316956.01,3140.93,0,complicated,0
c726fd2a-7241-493f-b4ec-798325db0a23,331870.43,4061.33,2,complicated,0
8dd4b4fb-965a-44a6-afbb-3255c09720a3,216402.37,900.92,0,complicated,0
b7f31eab-f502-4f8b-92bd-296509dea86d,306082.46,1028.73,1,single,0
52f2fd0a-7de0-4c79-8b8c-158ff09f0a7d,157662.93,2360.88,2,single,0
835a1fa1-f804-4a68-8653-a17ced079284,390189.67,3052.05,3,married,0
d2566c59-cb80-4e53-8249-cf0ccfca40a1,472448.09,4734.33,0,single,0
8d2a87b2-b42f-47c0-9fc8-906f75d64288,477134.14,3864.07,2,complicated,0
5d14adbd-e981-4299-89c1-d57659af9b07,65191.47,1409.09,2,single,1
ab61f34a-47b9-471d-8e9c-128fcbee56d0,467942.6,2495.16,2,complicated,0
3c0e76f5-4202-441d-88af-0fbff1ca40de,494013.25,0.75,2,single,0
6e7c64ec-01c1-456f-9c62-b185c86093e6,224321.93,1907.94,4,single,0
a883192b-adc2-41e1-95a0-62a24a18e6b6,219568.65,685.96,3,complicated,0
58cc7e96-4a6d-4a25-b006-c8548460ee72,96536.55,1197.02,2,complicated,0
f0a2357d-fe73-4c29-8eab-1d9ae61c5a05,467014.74,2316.72,1,single,0
2708f3ad-4b9f-4056-8237-3debaba2ae59,62797.82,3365.05,0,married,0
0f2f5f0c-89e3-4c61-9941-66950d9ea63d,337747.68,1598.43,4,complicated,0
74197960-23a1-4876-9541-051b4fa5d97f,404947.44,1985.3,1,complicated,0
42562272-4b05-49cd-9d23-5f7dd905a555,411029.6,1992.89,1,married,0
21a6bb22-cf22-4300-8a83-0e8ce821d805,54652.46,3413.03,2,married,0
31e488a3-f3a7-4594-ac45-eee39c4bb6ce,438607.61,3364.81,2,complicated,0
be8ca564-d7e8-4a94-99e8-863de5ec0c72,454317.28,2726.35,4,married,0
b4bb132c-0114-4feb-a3c5-6cb6504a0eb7,162276.57,2759.91,0,single,0
46a97b52-4240-460d-98f9-ef88832580a0,276475.16,4753.12,2,married,0
d09112c7-34b7-4b13-befb-ddb466972819,114388.88,4449.52,0,married,0
49cf3a31-37c3-4ada-a13b-eb53c93c2ea7,236906.48,3964.07,1,married,0
f6067850-5a49-4747-9616-15cf3ad245b5,363230.49,1894.08,0,single,0
7a41783f-c4e5-4c0d-8362-6113a6c7d43c,350708.97,2635,2,single,0
ea85185c-f6ff-46e7-a9b8-8f59c6c5feeb,245202.32,2259.99,0,single,0
15a9dad1-775c-494c-a516-0108da262ef3,212526.9,4811.49,0,married,0
c5b749ba-186f-478d-b6c4-10568a026f28,467572.77,3442.3,2,complicated,0
616c0e07-42b2-4610-8452-650e0bcf45d5,347569.37,2930.61,2,married,0
48489101-d75c-44e1-b995-9ddcf1743e56,399533.49,81.11,1,married,0
abb1faad-66df-45c3-9725-e17c4fb37d78,391713.41,4512.02,4,single,0
8fefecf7-2445-494c-b574-0f114ea8266d,442358.09,3330.94,1,complicated,0
1505d012-f56f-4c32-9521-a4b8f3ffb107,399475.54,445.12,0,complicated,0
37291e68-a637-4ceb-8664-3b88d3564131,493420.9,1141.63,1,complicated,0
19e2a723-3190-4e51-b36c-3bbc6d28a494,308818.9,649.32,0,married,0
ed63541c-b167-4a38-893a-b4cae961df8d,230749.76,3642.42,1,single,0
89a7f4ea-2003-443e-a496-51b0f2eacc5d,184613.82,3819.82,0,complicated,1
3d0158d4-3d4b-40bd-850a-e81642a21832,251491.54,4640.81,1,complicated,0
4d811f93-5e87-4f86-bb41-858f16add08f,369001.49,566.34,1,single,0
35353208-c1c9-4619-9ab6-f2b7f451767b,359734.03,2926.93,3,single,0
f813ffc8-f4cc-4072-b3ef-42390b20ec5c,154063.88,812.37,4,single,0
d3295d4a-5878-4105-8a6f-9961ebbd0649,151928.15,1797.31,4,married,0
1a605139-78ec-4fcf-8376-4c5c554a9b4a,476857.08,2463.37,0,married,0
b6c98413-4cbb-4080-88d5-aacc630adee8,60068.27,2697.17,2,single,0
54e93c60-f26d-49db-9769-9aa84f033e0f,303798.36,1643.32,3,complicated,0
b2320aff-2068-4d35-ae5d-15eb72425a2a,141981.15,288.96,1,single,0
ebdf3f57-19e6-4d68-8e80-051d53794435,456773.37,3569.81,3,married,0
b654834a-5f6a-4f3b-b402-e051af4b0cfe,264952.1,884.87,2,single,0
abcbffbf-4dae-4eab-b8d2-2dffdbceaf36,324019.86,1711.14,0,single,0
ea118b8b-9812-4f4f-bd3f-8e40c1d9fa50,327191.02,2397.45,3,single,0
ad339cff-8186-44b5-b841-355226b62d5a,249343.16,330.66,1,married,0
71515e39-ceaf-45ed-af57-92267ba9379d,441686.19,4176.65,4,complicated,0
a9a1975b-6a57-4f41-b982-fb14e9f2cad8,340500.75,2450.33,3,complicated,0
b21b4c04-bbd4-4957-9c88-d98a58b390aa,375284.85,2380.65,0,single,0
8d84dbb0-d0cc-4c77-825d-aa4f0ff05e67,264805.5,2536.08,4,complicated,0
b3eb6886-047d-4d64-84f6-d9241d5fcead,166115.3,4883.34,4,single,0
35daa553-2a4d-4fe7-92f1-0defdcf8ed70,290734.28,3696.72,2,single,0
16bda7d2-cfce-4d2c-95cb-672a1786dd97,199761.41,2632,0,single,0
a425c83e-ac4a-49d9-a200-7e33e5c85e6f,458534.89,1550.29,3,single,0
4a076e45-b8d4-4a55-9a5a-5446f5f8c3e1,150236.94,1932.76,3,married,1
8b90bbc3-5bb4-4e1d-baf5-38496f0d40f8,211013.45,723.83,0,married,0
4e96986d-2347-4180-955a-851099a97b16,240913.12,1326.25,3,single,0
162bd7e1-93fa-4bd3-9c68-cb367df36d14,169512.47,1244.6,0,complicated,0
81a5f030-ab95-40de-b71f-99e3e7752c3f,276633.52,105.73,0,single,0
314e9249-d0c1-43b2-883e-6703813b33b9,235037.86,2764.5,3,single,0
e971cd55-35ed-44f5-ae50-218492cac61a,470964.12,4365.68,2,single,0
9278004f-de85-4d46-ad73-6c64534775c6,211014,590.16,3,complicated,0
ce2dc1f7-ce7b-4d7f-8dbd-ea83be19e95c,289252.86,1235.58,4,married,0
84f6cc94-4240-44dd-8528-db94ccd670b1,287767.86,334.24,3,single,0
146c3616-1cc8-4261-9c71-e2fe3897f670,495631.19,3977.23,3,single,0
76c57e50-a7c3-4f8f-aeb9-2dc30d54913d,79926.88,2810.76,3,single,0
679193c5-c1c3-40cf-acb7-2dfe31c04601,147908.55,4193.94,0,complicated,0
85f0d6a8-f644-4f5e-bccb-0c6902bfcacc,60543.64,4268.18,0,complicated,0
a867dfdf-c4eb-4e72-9f82-310adffcb77c,146905.46,3324.65,3,single,0
043b4075-f8a5-4ed0-bbb4-aebabd3fbe11,245870.53,1417.09,1,single,0
e3ce98fb-5a17-4bc9-8b2e-820c4d6450bf,74607.67,4808.52,3,married,0
4a9bfa30-a236-4fff-a225-4e3188641514,162046.48,479.23,1,married,0
208edc92-d53f-4db2-8926-ef709e8b40a4,252155.83,4928.56,3,married,0
e4c7ecf2-c0d2-4ae1-82cf-b68a942787f2,289216.27,4800.15,2,complicated,0
221e740e-4347-4267-8932-711bef7035a3,265423.87,2623.24,4,complicated,0
b053f77d-bf81-4a02-a99f-c99dabafe335,266191.59,3398.97,0,single,0
51e5a841-172e-4dff-8dba-12c9fb3b5d36,162005.91,3291.34,4,married,0
e9680fe6-a163-4623-a6fc-4aedcf974eb2,119354.55,1544.27,4,complicated,0
f8a36713-d864-430b-b1ee-7c8bfc41f267,399519.37,2740.59,1,complicated,0
464a101d-7928-4909-bf85-f12dfe2b94ef,70127.9,2302.4,0,married,1
f281150b-cc00-44f4-a304-c1b6f77ca82a,193632.06,4320.69,2,complicated,0
5a9e0f53-affc-4030-ad2f-a169921545dc,405788.88,80.88,2,complicated,0
7e9b6f8a-46b7-4c09-9f36-fbd03c62f6c5,472749.12,374.24,0,married,0
303f498b-b3ae-4e1c-98aa-4e00e7b842ed,282001.34,1034.49,3,single,0
3f2d05c2-f9ef-4bee-8d0e-c2f11a3f3cda,162299.82,236.99,1,single,0
ce9bc414-fcf7-4f8f-83d7-9f19886840f5,196774.24,2623.3,0,complicated,0
5390af46-68ee-4e10-bad6-ebbd8ba64d50,109158.07,197.36,2,complicated,0
30378712-7670-4d95-8613-a4d6f6f225bd,439809.12,750.88,4,complicated,0
e6749b50-5e0b-442f-b0e8-5117f37d5bff,246132,2165.28,3,married,0
52f72669-3839-459b-9e49-a3f783c4765c,66426.24,3964.95,4,single,0
a9430948-7b45-4d1d-8b5f-f30df3703392,324073.6,2549.38,4,complicated,0
d30be5f3-7b4a-4315-a59a-ffc182962bae,267701.5,1094.48,1,married,0
f7d0fe0f-919e-461e-85d0-6c5192683f70,57739.29,4888.66,0,complicated,0
3097698f-6e7b-43e6-9250-b5cb14e4b00f,379092.19,3816.95,2,complicated,0
53a80b58-ad36-48f2-ac2b-b8a0bc7494d7,393648.67,1677.9,4,married,1
427c13df-efce-4b2d-8c4b-b11ad94d9e07,168130.05,1580.14,4,single,0
139ee9c4-66bd-4708-aa7b-2951d4562378,118020.31,2628.83,0,married,0
e6173b77-3ba0-4b89-a87e-dceacd1a9ab7,415493,3744.19,0,married,1
ab79e7f3-0ab7-4d81-ac34-04b778efd214,75754.2,4718.22,4,single,0
5ae4e826-1802-41db-a538-c6e37870f153,495656.12,1219.36,2,single,0
1c6eb42a-c75c-4b95-a3e1-270273dc3692,81692,2495.53,4,single,0
65eb3d8a-fdf3-4e12-a3c7-8109f4060411,89583.17,1566.58,3,complicated,0
f9a03c64-58b4-4ca2-9c94-8e3dffc48676,332919.25,1644,4,single,0
102243d5-b729-440c-a5d0-0852c4c3a67f,443736.1,614.71,3,single,0
33a13ea1-2379-4259-9e60-d395863199c3,350985.03,3972.55,3,complicated,0
43cc9b16-21e4-4926-ba39-f596318dd69b,298684.04,4474.5,0,single,1
ed82ca4a-2209-4ce1-8053-418efac44872,498013.69,4332.33,3,single,0
d028c735-bca1-49f2-9934-ad1d80254b82,285563.48,3187.65,2,married,0
dab33359-2b87-4b8d-8099-63e350a584ad,474853.95,4935.27,1,married,0
5f769483-fc97-4e7f-a288-144830cb33d8,241525.7,4035.91,3,complicated,0
77f843fe-11ba-42f0-9956-43dc9602e6b0,222560.6,1915.31,2,complicated,0
98a09842-db23-46ea-b2bf-088e7abf9256,138919.41,548.69,3,married,0
d7bfa8ea-ab76-4ad8-bb1b-d97768dae8e6,266949.42,3150.8,2,married,0
1f826428-0004-4de7-ab1b-fb9ca81b7564,71688.11,2186.42,2,complicated,0
9c3a6364-bb3c-4a80-8828-d4502c10cc05,284707.74,4807.33,1,complicated,0
f796ff72-d661-421c-bd38-21485ea7e969,136840.16,973.28,2,single,0
8608e6a4-6007-4199-800a-3a7be56368f9,444496.78,4497.13,0,married,0
2699389e-0617-433d-a029-5066dc7df531,255025.86,575.51,0,single,0
2f09d72f-4a54-4c89-ba89-b0b0cb51b6b4,260814.89,3078.2,0,single,0
d451935d-fea9-4260-85c2-59609b3cb982,464681.79,1392.86,4,single,0
bb8b4f2c-7a17-448f-bb2d-eb3d8f5bcf51,308958.24,3650.17,1,married,0
97bdf86d-91f5-469f-a0f5-28d9a6dfb86a,323836.61,4389.48,3,single,0
aba910b2-f97d-4149-8270-eb22a5a91d3c,160809.5,2932.71,1,married,0
af0a9222-6e6c-4843-9318-7cdf7e2db60e,496434.82,393.73,1,complicated,0
22fc1e90-cc9d-4689-81ba-d005c18398cc,353414.68,3201.63,3,complicated,1
d491932b-e973-4131-aa8c-70ff196794e5,248584.82,1319.66,2,complicated,0
2119934b-ed9f-4f21-8a74-5dd5a1873cb1,235150.07,3710.47,4,single,0
4cdbaf7d-35e9-4560-b263-215c99ef1aea,134857.64,1759.17,2,complicated,0
bf584e4e-611e-4868-baf4-5b4aa05b4e9c,129487.5,3059.06,0,single,0
dd3bef65-5930-448b-854b-592117a9a081,409053.9,4807.49,0,complicated,0
83469ccc-9be2-44a4-9bc4-da3e0819abb0,108659.88,3364.93,3,single,0
90d11e84-d690-4e40-94c7-3c40acf07eeb,423310.92,2666.64,1,complicated,0
a90f2c68-d1f7-45b7-926c-9bd1b5e5bdc6,469578.86,66.85,0,complicated,0
4959e75a-a9e4-479d-8d0d-3f625254316f,118709.21,4171.13,1,married,0
fedb4bc8-7d35-47e5-9a93-0c4761c16edb,370919.18,778.27,3,married,0
e87feb0a-aefc-41dc-a733-0683d350d2ec,247870.05,2183.13,1,married,0
6b8acdf8-f617-44f8-965b-ccc2507dd4d5,71490.77,2396.6,1,married,0
71c2a77c-3403-44b0-a348-a629129df660,162442.89,2892.01,1,single,0
4858a332-12ca-4c0c-bf27-ec015e171aa3,77607,579.29,0,complicated,0
45fb03c6-9792-4200-a984-a4fbdf7aa485,213507.78,4079.02,4,single,0
9d1d4ff3-8dc9-49c8-a68a-c09510dc1115,340198.81,1988.62,2,married,0
f60b7fff-26b5-4ad9-923c-34f23af6edcb,449371.34,753.26,4,single,0
e6ac6ce1-dc43-4a80-81bf-7e5302278f03,439166.12,4681.57,4,single,0
73231f41-69fa-414a-8fdb-892d9e646068,352248.3,354.09,4,complicated,0
b93d2af4-2eec-4fc9-8d51-39a10329ca93,391480.02,3007.07,1,complicated,0
71bfa005-e7ca-4461-8a5c-a60f87fa4cc5,313531.77,3648.12,4,complicated,0
28054323-0737-41ca-bc63-46194f86b6c8,210430.89,3679.13,1,single,0
642757d5-ecb1-4721-a2b7-5a9fb206dc2a,196064.23,433.31,1,married,0
b810c104-e109-443f-baa9-dd536846a01b,460514.87,4009.59,1,married,0
ddc1fecc-a00e-4000-b940-327787824a99,256938.43,4997.38,0,complicated,1
257de318-142c-4ae6-bd75-5ef44ffc87f4,190747.43,484.19,1,married,0
a3ce0f0a-b88c-4dfa-9a4f-b489b40f50cc,68522.43,2261.1,3,single,0
68c15cb6-285d-4545-af0e-d2dd0184c8df,482158.32,3173.04,3,complicated,0
8c3bc796-997b-4c4f-b828-c790a6c2d20b,194383.99,3360.67,2,complicated,0
b9bb90ff-ae00-415d-a581-d3d16f829a13,360979.36,1412.42,2,single,0
039ba556-40ef-4623-a7e5-5e39544ad96f,121812.5,3400.37,0,married,0
deeb070a-2778-463d-8e53-493a533e8c28,99662.72,2315.96,0,complicated,0
e8d7c13a-460f-4fb2-bccc-12c8c6a75ec7,186779.53,941.07,4,complicated,0
7ea98b52-5f03-424b-9367-c2b9532f5ef9,379340.2,2872.28,0,married,0
b9fbcf29-5447-412d-a129-7d8ac3b71ab2,121961.8,4365.44,1,married,0
2a738de6-112c-4f9a-a866-aad712ff8bb5,142909.24,3195.58,3,single,0
13745a2d-87f4-4ea6-b7a7-fbf801514e7a,78062.94,2730.11,3,single,0
3b91363f-100a-4e0d-94df-4dbba075ad54,305483.41,1151.7,0,married,0
e20e5525-ec65-4ec4-865a-30ed391465a5,386875.78,2412.42,2,married,0
35305d03-25d3-40a1-9651-4d4b3f32d0f7,76730.32,2097.21,2,single,0
f9648d39-f0ee-427d-8985-fb8bd369c7fa,201041.03,4971.93,1,single,0
c1a4f656-012b-46ee-92b9-a43bf3968155,138024.46,4347.85,3,single,0
5b0727d6-7b44-4cfd-813c-73fc420b3754,314075.64,3543.71,0,married,0
a63ca19b-4a06-4a06-8b4f-cb0fd9d9ac2e,94117.52,1343.55,0,single,0
c79d6a97-2825-46e6-b2e1-da8a219e9e35,383399.88,4642.52,2,complicated,0
1125fe75-f68a-44a2-b3f5-ef4c95b04fd5,438841.95,4830.13,0,married,0
69cec424-7940-4346-a386-9fe98d849929,297716.74,4245.46,2,complicated,0
1ac76164-0dbe-4a49-92c7-f5aa91223682,85783.86,4980.56,3,complicated,1
5a094425-742d-4e8c-a2a1-6f6cbda54c97,366980.96,2018.46,4,complicated,0
a3a9130c-b62e-4a1b-b989-0c3925ea49b3,51327.95,2121.49,3,married,0
932808aa-73c7-4fc2-9829-b38c565736eb,70989.17,4049.56,0,complicated,0
53193db5-b53e-4738-be50-2bf20df4817f,312357.01,282.22,2,complicated,1
4174cf54-eb9e-4d7d-ab72-73124a3dca1f,431725.14,2847.75,4,single,0
7b0815ce-4b0e-43a3-aa2f-35223dfc40a8,336944.98,382.57,3,complicated,0
16c78df1-3f8d-4edc-b50e-d142b912363e,122239.59,3857.67,1,married,0
edf5019b-fb5a-427f-9408-1e8879d6f3f0,191408.87,3529.07,2,complicated,0
ce5aea09-5393-4fe2-ad75-c5c969351d3c,228903.27,2499.67,2,single,0
8979593b-b0d5-4cbc-a144-b65238a0a91b,481855.83,2651.8,4,single,0
85ed5e18-2c68-4b37-a1b0-5cdee86f04e2,126845.54,4247.44,0,married,0
e49075c1-5ba0-4ebb-8513-e26d13d0d531,426658.58,4911.39,2,single,0
af93fc6c-445d-44e2-954c-546ffa1b1102,343811.05,2393.3,4,single,0
5d2a0a06-4e19-4d0f-8023-91bf05d8ee0e,92779.4,3261.34,3,complicated,0
df5742cf-8445-468d-ada3-47e2b3a70c65,264251.62,4771.08,2,single,0
4982214d-54eb-4409-b8c6-1be2b76af848,436495.18,2624.44,1,complicated,0
78a832ee-e836-43d6-a677-2d848b2cd8a7,306881.97,627.92,1,complicated,0
eb561e34-31d8-4798-9c78-f10f32a27604,254624.68,76.2,1,single,0
38f55fd6-11cc-44a2-83f6-dbfc2f19438d,425032.24,1931.17,0,complicated,0
2a7e8959-6ac1-4f65-b7bc-70c1794d5528,68900.35,2339.18,3,single,0
f6e8a4e8-ec1d-4ac4-ad5c-afd04f5acc82,196162.41,4225.57,1,single,0
f7ea22b2-87ac-4677-8928-56e44c2c7dcc,101894.33,304.35,4,married,0
37b7916b-166a-4493-ba73-41cb8dfd638e,493655.62,1121.39,2,single,0
5c8f67fd-66a9-41a2-baff-920cc5a505cd,494544.05,367.45,3,single,0
ae4dc73a-094a-4036-8b13-d4ff16efea92,125775.79,3655.15,4,single,0
c34ba2fa-6a66-4a4b-9692-f2e0d19b2ef3,483870.09,351.56,0,complicated,0
3bfba59c-9ee0-4914-8226-33f9c2a9fafa,204443.25,4469.65,1,complicated,0
4197d587-d7cd-4a74-9b39-a19f272adf1f,429479.11,1871.28,2,single,0
9d71a31c-d560-46fa-9f15-c1944c3bfcda,293744.11,974.21,3,complicated,0
67f6ed86-c21e-449b-9364-abe93331386d,263234.58,3674.48,3,married,0
f411fa25-93ab-4f91-8599-368b5e17593e,435707.52,3184.33,0,single,0
1fc8d7f5-8955-4901-960b-92de6ef93ed8,109158.96,2558.78,0,single,0
8c740550-405b-4277-9f6c-2e846e06e45d,211272.06,1619.53,3,complicated,0
a9f3c2d0-3536-4e86-97c9-4245aa0ab3a0,315243.15,4603.28,3,complicated,0
9facfed6-d8b4-4471-8a90-5fbafdcc7bfa,284100.15,1284.21,1,married,0
5e6589e9-503a-4ac0-9ca4-8e5f05a9cb15,51795.6,75.84,1,married,0
c269b1ae-3929-40de-993f-65f1b47ae399,177605.53,2560.67,4,married,0
ed427bfe-ab93-411e-b4b6-d84541a1cc9a,386066,1424.56,2,single,0
9e16cd0f-d900-4d82-8ffc-c15a7fc6533a,276609.47,1361.27,0,married,0
56c8f928-594a-4606-9b6d-3d62c136f367,97923.85,4057.36,3,single,0
d86dab04-3489-492e-bc99-3b5ae25c252f,299975.37,3879.7,0,single,0
6b5f84de-4abe-4085-88a3-0dc48aeac453,228008.15,57.04,0,single,0
975a56dd-35e8-420f-812b-ce800fe19e1e,471422.8,2412.98,1,single,0
d0916e65-2263-420b-8165-cc6b8f0f5f0b,76992.73,3302.3,1,single,0
e98e76e9-d9fc-4264-808a-2a0983d4b2ee,122592.09,1958.09,2,married,0
b7bfe864-605f-42d9-bb73-b6b714725efb,419323.67,4003.02,2,married,0
71f8bef4-4278-46d1-ae13-aaedd4042562,64718.95,2414.28,1,complicated,0
db2f6d8d-5021-4168-804d-eba7902a8700,455582.63,4595.9,3,married,0
38183117-07fd-4d49-b9d7-515f728b2b42,432648.82,2751.38,1,married,0
ee2b5bcb-4d9e-4d57-bb4d-9843c83a6c4d,275109.51,1775.68,3,married,0
1022b616-b759-4503-8cff-b0759708783a,465320.71,310.31,1,married,0
a9ab2d1d-bcfd-454b-ab9b-2f6eed9a8e69,312270.15,3686.68,4,married,0
bc45e130-a572-487c-b268-68218d775223,362326.02,2148.01,3,married,0
eb9b2a99-5245-4aac-9632-3b8c82b7af3c,349519.89,469.27,4,married,0
b818664d-bda7-449e-8e7d-25a6dc5c8eb3,98063.34,4161.85,1,complicated,0
0bf5dd8a-3c1d-4748-a4f7-905cdeb39a78,388475.05,1806.49,0,complicated,0
acd5a77d-a9eb-42c7-aa50-1398cb143482,74578.51,2819.3,1,complicated,0
99faf7d8-7c2b-46e0-9673-c2c0a862c4fe,326250.32,4206.23,3,complicated,0
f6f90675-edbd-4034-a509-71ea9b1d54a8,150619.68,4365.4,0,single,0
5ef85ed7-20fc-4643-8a68-25fa6815ee90,383908.85,2417.19,3,complicated,0
a7edbf59-0a90-4c09-8fe6-073a98ed8a3d,167937.99,475.23,4,complicated,0
a752caf1-cbe3-4dac-8e57-e74f6221453e,149162.96,2301.29,1,single,0
d536efc4-055b-4e14-a17d-471750eeddf4,435586.09,3110.96,0,single,0
7c47e331-6b72-4bc0-8f37-49417ee3d2c2,452611.92,1802.43,3,complicated,1
479b3f39-7c0d-441f-8bc7-fa7fdee20cea,492607.74,446.54,1,married,0
f236c6ff-6e8e-432a-9263-d04cb3498908,76537.94,1321.61,1,complicated,0
63e78e6a-cc50-4efa-becf-53810754460a,319064.44,4710.12,0,married,0
3c0a2339-1969-4c7d-838d-920d5c6492bb,486025.57,794,3,complicated,0
ace1aa69-958e-4b96-b01f-788df5fcb5e9,486695.69,4820.78,1,married,0
d3a42298-7f09-4d1b-bcc2-10105a00a071,406904.01,259.81,1,married,0
19960830-26c6-44b2-b229-1a47cfc63c6f,301076.02,472.29,1,married,1
982604c4-16fb-45cb-80d1-e73e4b4be4c7,113428.13,2032.93,4,complicated,0
0ad7aefe-e54c-4614-8747-3521efdbd557,62719.4,2520.34,2,single,0
523b0b67-6d1a-4747-abbd-abd2771cbdb3,307637.66,813.36,0,married,0
76c8f5c5-0ce8-464a-b1a6-28a48464b59b,351924.21,676.08,1,single,0
f2c5b598-44d6-48aa-ab00-ca24b282653a,161473.44,4370.95,2,complicated,0
8cad0453-a24a-4448-835a-dd3f61e9503b,173908.14,3206.82,1,complicated,0
b0a583c4-ae42-419b-884b-57ce320edc18,464423.7,4209.2,3,single,0
7f4f6d54-974b-4e73-a88e-7850a03a40ed,411535.53,661.47,1,complicated,0
ae39c2db-c69a-4371-8dc0-31a3fe3045b5,78691.34,4889.14,2,single,0
15e4f0ce-88ef-4a55-a9fe-75ceefc23c30,233508.8,2970.28,3,complicated,0
335fc56c-a145-4e67-8b15-937e287f8779,270960.4,1264.3,0,complicated,0
15c3361b-7766-457e-879b-7e19f48229bb,163913.05,3076.6,3,single,0
4b3049d8-cc78-4da4-bf34-b4c0093f3f0b,187373.9,4183.58,0,single,0
1992f4b3-75de-46ed-ae4a-306b11d3fe90,237273.43,398.25,2,single,0
eea9b56c-20a0-4c6e-80f6-1a5184e622ad,153065.52,2408.8,1,married,0
5f74b481-c05a-42c3-a8d1-a34bef5230be,402294.78,2144.78,4,single,0
7b39ead4-d446-4e1d-8f54-042dab884e49,71366.02,3169.18,4,complicated,0
fa833f94-1625-493c-aff2-75c7c7b6fa74,412791.03,2431.44,1,single,0
7df5a613-474d-478b-b1a8-79b3c2a1c5ba,184145.56,1680.91,4,complicated,0
bc105786-821d-493d-8285-d1ce03e2b3ae,310509.2,3156.89,4,complicated,0
81a9d829-ce50-4513-b1c6-ff9be0ed9587,304740.46,993.51,4,complicated,0
8fc7c0ee-71a4-437f-9685-9742b99ab9e5,359612.41,4623.98,3,married,0
5defc4fc-f887-4015-88ae-9739b1bbe01d,94263.82,4455.09,0,single,0
d92737ea-9bef-44a9-9ada-eddd96eeafca,446369.04,2773.57,3,complicated,0
1076e54f-d172-4114-8912-d8c4bae54b84,151656.62,3932.5,1,single,0
fae3f589-c636-49ba-a71b-a6e1b91489d1,66410.32,4226.71,4,single,1
633b3147-8fa8-4440-91d1-d6d64df960af,75025.64,736.6,4,married,0
737fb4e0-d749-4f50-85b7-218541e3e45e,495733.83,3050.06,0,complicated,0
dfdf76e1-2427-4011-a64d-262a05b0ceda,427834.15,2025.15,2,married,0
46cb8cd0-6ed1-4569-854b-3bd431f5a030,276911.44,1518.55,2,single,0
f4d75834-ca86-4c54-b1c1-6265203f0ce4,414533.95,1714.37,0,married,0
c872d5fc-48a7-44c6-b341-387bb404ad62,116825.96,2017.73,1,complicated,0
d35fdf3a-3143-4af4-981e-0084c85fe14c,257044.58,2054.06,4,single,0
661aa1cd-b4bb-4829-8393-dc759b0e6405,136711.43,149.78,0,single,0
73b00264-555d-4623-8704-af7cba37acb1,170794.27,3236.22,2,single,0
a9528afa-8e34-473c-92bc-4f738ec7a56d,246982.17,835.55,4,single,0
a3b479bc-d305-4408-83e9-d631875d2f21,374417.44,61.2,1,complicated,0
3a9714fa-340d-4dfa-8840-91db975dfd38,356778.01,2416.85,0,complicated,0
c4ee24a2-08f2-40db-9254-4e163a481d8d,237992.04,1499.96,4,complicated,0
97990f87-639b-4335-84e7-7f8936272922,315664.08,3920.17,3,single,0
4e88c14a-5a90-4a23-b74e-9aba16ed91f0,466077.66,2965.29,1,complicated,0
3047b30d-b782-4642-9af4-b651f30bd813,203071.83,1572.19,2,married,0
78f85aba-0e56-41da-8500-f89afce14993,100967.1,3088.17,4,complicated,0
fd355df4-603b-4db9-b660-a0809419f7eb,68513.32,677.57,0,complicated,0
214b92ba-5c31-425b-a396-cbdb115563d8,303214.35,476.84,2,married,0
cbe2f822-adfa-4cd8-a4aa-7ded8ef4b28d,238501.79,4509.36,2,single,0
bc2ad8e9-23ca-4ca6-af38-e93781da744d,361237.69,2184.19,2,single,0
2698108c-f0c8-42dd-ac48-f4fe9b1d0c7a,219511.73,2156.72,2,single,0
76f43864-570f-4047-83f7-36418fe7cd1b,277238.76,3734.15,4,single,0
6db53a65-7e0d-4f25-9cdd-7ef3bed51684,443667.61,1796.46,1,married,0
e308a075-2701-43c4-9b10-894e60438c33,389791.47,4499.3,1,married,0
46edc13c-5177-4b73-b359-83e49dff8066,204087.19,1489.69,2,complicated,0
1e7d7b4f-a346-4718-b45d-146dd66d60f2,161978.62,3188.45,0,married,0
453d3e9c-661d-4c8b-a31e-5e5a9e195d5f,427932.42,3078.69,4,single,0
d29928a6-e7e7-428d-b89e-0f539fc8142f,111620.36,1772.37,4,complicated,0
127cda6d-9b95-4110-aa4b-c8d15de9c1f7,272375,4308.55,0,married,0
58ef6f3a-d764-4511-9063-42eb37a6bb1e,317260.81,4537.31,0,complicated,0
dc3f3633-5984-4750-9ae8-bcc649eb833c,416159.33,2551.1,0,single,1
26cfd952-9218-4195-95b1-9ea128633761,420306.74,4634.45,1,married,0
2badc3ec-ef87-4666-9d79-c419873a0d6a,278999.97,3386.87,1,married,1
85cd2115-2d6d-41e5-ba73-c092c1e6a108,394364.44,3393.76,4,married,0
526f361f-d6b5-4013-8a13-8fda986c0465,185297.4,2947.27,0,married,0
3765e72c-a2ef-4e69-bff0-28d9df4fcfe7,318203.02,165.11,3,married,0
25bf2853-f979-4b46-9410-e2a3471f74df,486866.7,1953.29,1,single,0
938f6fc7-1f46-4795-ab13-324c7a6180ad,333260.57,1555.35,2,complicated,0
a0cf33ca-5f3f-4d9f-b33e-e219179a2f78,303893.47,542.43,4,complicated,0
36620ec9-ec20-40fe-af67-a6d068b779cd,346326.7,3278.89,3,complicated,0
fd49ab33-7299-4e8c-b539-c13da7cf53a8,176048.53,3961.66,4,complicated,0
e3203ef2-7202-4bb3-8f90-fc7202ce2ed2,435531.95,3385.56,0,single,0
d40db337-aa27-4893-b1d1-5996843cc83f,118882.24,2324.48,4,single,0
22eaabc1-c545-40b3-b3a7-a5765ade0337,163820.58,1864.42,1,complicated,0
55cf991c-d2b9-4f03-a6b9-9fbfecdd06f2,417167.33,4877.41,2,single,0
a97be062-4d36-4a65-9665-33adf833d694,162302.74,2288.86,1,single,0
2fbc7292-d63a-47a5-927d-09b7bfbc1216,90598.71,432.55,1,single,0
f80186e2-8dba-4fbe-86cb-81c0eea10d9c,252643.27,3296.88,0,single,0
ea9d8aac-2019-4e3b-afe5-674683511170,341307.25,1633.58,4,single,0
d9f6ff18-c35e-44fb-b973-8e4c35d265b4,151179.35,4587.35,0,married,0
7ecfbae8-72ac-4011-a0c4-48155c4e708c,199695.04,1021.51,1,married,0
1ed4f8e4-01ef-48f2-8d0f-1b4ec3dc471e,226081.03,317.29,3,complicated,0
e0246b54-232e-434e-a59b-3a0d294cfa58,90343.62,4586.39,4,married,0
a5c613e5-3489-48c2-80a8-52b2d86da9d7,295853.85,3406.31,2,single,0
456d5a9a-3139-49ed-a694-1e13ce89d3f2,441092.73,2189.31,1,complicated,0
b28ec71f-d3d9-4a90-ac66-e2e77d6ad8ac,468742.9,1436.46,1,single,0
2c15138f-23ac-4ec0-907f-a0beaeb2f28a,113325.99,4450.14,4,married,0
0590d7e4-b73e-4613-9fda-452ea438a5ab,471044.7,4220.13,2,married,0
022f49ab-f4aa-4caf-bd40-964b8ba322fa,400032.79,805.84,3,married,0
45460ccc-6064-4108-aefd-17e304446333,293774.29,4217.76,0,single,0
5d0903e9-06de-4fcf-8c99-f88abb1b2ed9,464119.81,832.64,1,single,0
2b4f11c0-42a8-4f33-90ef-1a2f0cbfe97e,95114.51,4296.37,3,single,0
b98f1e8e-ae50-4af4-88ef-1e9b8ddb8ddb,331808.4,2241.98,1,married,0
96ef6273-8302-4944-b494-f09239b9d822,347666.23,4936.4,0,married,0
0ebfb2f1-6479-43b6-8c69-10780929f2b7,498616.34,3823.49,3,single,0
e0441c56-e544-4845-b113-0ee1c6ca2f2b,282414.43,870.2,0,complicated,0
99e61486-764e-45cd-a798-a065b1cbedba,378636.08,2550.33,4,married,0
0fd993d5-23bf-430b-92d0-510038073742,250040.2,4613,0,single,0
fb49f692-9acd-4112-99e7-15c87e77868e,53884.45,3290.93,3,complicated,0
5453779d-107d-4405-8135-6b77475133f9,263172.87,375,4,complicated,0
13d1cb99-405e-4c72-b91c-083323622f66,172060.68,1138.89,3,single,0
831c3263-4cce-46c0-b23b-4d61a8282ffd,128073.42,2598.94,1,married,0
3960d2fc-4118-4f86-bc51-f395df3368d3,345588.39,934.71,0,single,0
fd6fe9a9-0afa-4598-b09a-75c8fd700924,483722.46,3709.54,1,complicated,0
5b0e93a5-0a2c-4f01-bd4b-ef61aa314ffe,485533.03,4048.73,1,complicated,0
081cc2d9-c776-447e-a5f2-afe442ba1321,457727.55,4858.12,0,married,0
766a3b13-62b7-4a32-9697-1890d4fe074f,299741.74,3797.91,3,married,0
c7f5e5b5-9c7e-4e56-911a-584ab2525126,115573.55,4408.37,0,complicated,0
2027c2d2-f2ee-414b-8279-153b20878857,358978.38,2334.89,3,single,0
c316cd97-eec2-451c-bf79-5cff6dbf8435,409573.61,3000.88,4,complicated,0
1c83c622-ee08-4cf6-85bc-a3afb971aef4,265256.38,2640.36,1,single,0
8e273c7d-94d0-4d15-868e-7fc044e06493,473581.69,2528.42,2,complicated,0
1be42163-5441-47d4-81dd-82c572af0f45,439384.7,3260.3,3,complicated,0
d93d21f3-8daf-48e5-98da-57d35ee67b86,181324.8,3454.45,3,married,0
44e9b99d-fe86-4e90-8003-506b740941ce,466275.54,1996.31,4,married,0
b43c1912-e3e0-4932-8e00-3276b1748cbf,381077.53,4427.88,2,married,0
48531142-30e0-4250-9984-87f87e526b46,447974.26,1097.31,0,single,0
38014dad-2d20-4c89-b006-2a3e8174b9b9,82016.94,4709.33,2,married,0
fe900d7a-5470-4b64-ab2b-2ea4865c50ec,258328.01,832.75,1,complicated,0
d362af47-6020-48cc-912a-496771d9519f,379848.42,691.41,0,married,0
1014f723-d3ee-46fb-87c8-aa3cfe0555a9,73145.45,839.93,4,complicated,0
c9063d38-a68a-4339-bce6-dba28515a749,408294.18,2395.16,4,married,0
dfa48a0e-4d94-484e-94a0-17d47070857f,426646.87,1070.15,1,complicated,0
f38fc455-10a3-462c-8d9f-1898a2ba2b7b,409473,4235.28,4,single,0
bc04d766-3e01-4c77-96ed-57b5f3fe1d61,158940.73,2448.15,4,married,0
cea666ec-c587-434f-aa10-29a9ddddcb15,468151.32,3374.37,0,single,0
75ac4e25-70a3-4abc-bbf2-e86ba5172117,318104.77,1960.76,4,married,0
ec49a2e6-74fc-4eda-be06-05c8bfa93a05,324309.84,292.62,4,single,0
aa467ddc-46fe-4983-a547-05641cd96f9e,51010.39,3738,4,married,0
4ae26502-ce87-4f98-9588-56ede13b9b5a,463237.46,4537.64,1,single,0
2af0b91d-4487-4b1f-8c01-0551f1f86204,383461.43,3358.24,1,single,0
29ad8f3e-6685-48ae-9e7e-95bbe27d4417,198270.5,2618.38,0,complicated,0
c8767bd7-9a56-4a6c-a784-ce04f0f22fdd,91108.72,444.21,4,complicated,0
336cdf57-d6b3-4ed4-9d51-0cd1a5a905fe,268005.42,256.37,3,married,0
24a42988-cba5-4bce-b3df-72c080e5ddf6,486769.65,959.19,0,single,0
00b05e55-8546-4830-a409-1d8fcd5b3a7a,217407.41,4943.21,2,single,0
2191701a-2ee4-4914-a450-c3aae6426695,183528.32,3264.37,0,single,0
a0760d08-a5c5-4903-be62-e5733e76a0f1,107064.53,3923.87,0,complicated,0
0ce71d3c-1b20-4516-8354-99764d075720,96090.17,52.52,4,single,0
4294bf1f-e4b3-4143-ad77-10e2717118ba,471525.24,408.67,2,complicated,0
87cb9763-c351-4059-aa0f-52ba7c7f9653,319592.51,682.91,3,single,0
47c0369d-03e2-4b8f-a1ab-cade1490d8db,337393.09,848.18,0,complicated,0
b67c5753-b0c8-436b-8772-e2c817444b73,59130.13,105.89,0,married,0
f6745692-391f-41ff-b8d1-65f8ae21d690,451160.1,1463.41,0,complicated,0
f6cea61b-8ed0-4310-a56c-3b991ef900e0,150988.36,1865.47,0,single,0
a51c1edb-3813-4677-b86d-5beb2f5bc12a,75740.74,3159.65,2,complicated,0
8204df94-9a58-462e-a5f4-b901365b859e,421042,2224.53,1,married,0
5eaa2a78-20e0-452e-9797-c9a3653a541b,476977.91,2472.73,1,complicated,0
5bac7b1d-7fe9-4738-bd44-f3974663d064,334877.27,4216.13,2,complicated,0
6e15f8ee-0087-481e-b62e-c6419108fe0f,277170.24,2646.74,3,single,0
daae7c6b-c171-4fd9-bc45-99b44b3038df,422949.98,3799.07,1,complicated,0
dc7d60af-382e-4945-98fa-1c512059b732,380872.65,4700.43,0,single,1
893345e9-2df1-48dd-94c2-c1e359a40c42,122997.67,3758.71,4,complicated,0
3f4f95f6-0894-442a-b424-a41ab62c7b62,242045.85,1584.42,2,married,0
f7158e87-0179-4abd-8d6b-a2802f69d4f7,252450.59,1403.87,4,married,0
436f8674-ef9a-497b-af8d-3dd878e71836,76681.32,2415.26,4,complicated,0
1c66679f-7c1f-4966-ba8a-01cb054d0de5,127036.96,1229.63,1,married,0
12abb65b-8b80-4fbc-bace-47fa96f75459,398963.81,2349.95,0,complicated,0
b433ac59-4148-409c-9fc8-d909fe0ee44a,322977.15,1285.41,3,married,0
130fcdab-61d2-44f6-88c0-808a2fde813a,397798.15,2705.86,1,complicated,0
96920dec-d769-4084-bab0-02a07485f2b7,314573.83,4707.85,4,single,0
83d849b8-762e-4a10-b73b-86049237b429,142391.31,4458.22,1,complicated,0
ab5158e9-ce88-4fce-9f81-91b26d889edc,435730.96,3727.38,1,complicated,0
37333157-46ad-4ebf-a913-d1d45181ad6e,315322.87,2522.78,2,complicated,0
7b54f22e-23a7-431d-bb1a-b02b6e254131,190603.61,2177,2,single,0
06cf6711-f5e1-4c5c-95ba-b01293f9f6b5,318563.97,3358.28,2,complicated,0
5c6f86ef-9bdf-466f-86ed-da8700659388,427380.46,4192.84,4,complicated,0
9fb921a5-7eb8-4f46-9580-36bf9fa745c9,451119.19,4368.65,0,single,0
9e7bab43-451f-4ce1-8f64-2e4f04c714ca,374968.92,4434.65,2,married,0
314b6ee0-359d-42e0-a519-a850981b38a9,296310.92,319.68,3,complicated,0
6e8a5d85-620c-4e4a-a8c7-5c2ca777474e,486075.79,3134.17,1,married,0
5281a579-aaf9-4fda-a673-1e39d2aa6007,187745.16,1726.65,1,single,0
5f9407fd-fc20-47be-9a7e-33511b836eaa,318266.38,1629.6,0,single,0
881fe6d6-e05c-4da2-acd9-26fdae748632,318558.53,4245.62,2,married,0
dae87d54-df09-4588-bf17-e967228642a8,65446.85,827.47,2,single,0
8f039aec-9870-4a4f-81f0-9282ccb548bf,164430.22,2642.16,1,complicated,1
a729fdeb-0aa6-44ac-95ba-bbf910829799,237438.13,3268.83,2,married,0
8e967ccb-9b85-40f0-90d3-7c517428f868,341290.28,2907.44,2,complicated,0
918ed397-d86c-45a3-98fa-c4f8bf52bf71,70865.81,3058.12,4,married,0
cabf3a7b-ce1a-4280-944a-29f3b88b2dab,95984.29,4004.17,3,single,0
b4c5d656-5a89-4a5b-a6b1-64eab59def29,336680.23,3205.45,0,single,0
768b4df1-5db5-4240-b07a-00ba35565152,121816.34,4564.26,1,married,0
5060c394-51dd-4923-bd13-358a9708c6d3,455426.47,3850.49,4,complicated,0
22a1fec4-60fc-4a11-8f1d-c2be7cf994e9,221010.87,1284.03,1,married,0
b2867ce8-0e01-46e5-8928-2074c478a504,338261.25,80.66,4,complicated,0
b7aca825-5fe6-4179-82e5-a6995befc31f,79978.32,2314.78,4,single,0
d26f60ba-5235-4fa1-82fe-840ed57433ef,234632.04,298.57,0,complicated,0
152b4bed-1e55-4476-9d9d-c09c5a01c34d,264352.24,627.49,2,single,0
bc0da657-b122-4f2c-9fe2-e4d967b7d243,318232.69,260.76,4,complicated,0
0e4c82bf-9f9d-4ced-853d-22c50afca259,273503.61,4566.78,1,complicated,0
0a26622b-25d5-4109-a409-58cdd1067018,229601.57,121.05,2,single,0
b1a2e0ee-bc98-4331-9f9d-2c92603065ba,58063.05,555.07,0,complicated,0
7ffc8ce4-374f-4f4f-9565-f232f8c13dfc,301779.1,1451.91,3,complicated,1
778844e0-0a7b-45a4-99c8-9d2ce64a447b,258887.53,4472.32,2,single,0
7a413543-ff0e-4301-a7eb-e7909613bf81,435683.01,107.65,2,complicated,0
258cf832-1ea6-400d-a8a2-51d287678e96,74898.09,4886.43,4,single,0
520ef180-d200-43d5-a899-ce757888e9f1,108006.72,4138.65,2,single,0
d16b7330-3d87-4235-af46-c6a6f75f506f,164901.56,442.99,2,single,0
404aa455-8916-4858-b95e-0140e5e9a5df,137167.16,2762.01,3,complicated,0
13301ffc-a0af-46da-b074-098ea265e879,377265.6,975.04,4,complicated,0
076e6059-17f8-447f-972c-3f229bba1454,183994.45,2548.88,4,married,0
ae4e1159-9893-4ece-9d2a-2709e9a238c7,117565.24,4348.79,3,single,0
b85f81d0-93b2-4e6c-b0cb-e35a7b7341a0,177083.91,3159.38,3,married,0
2ffb977a-a2a4-4781-b092-debea2cabcd1,78869.19,3998.47,3,single,0
4742d6f1-db02-4fb6-9ae4-d1fc8d33c4a9,276395.88,4593.16,2,single,0
7d3e8855-2361-461f-942e-6faae9ccab89,200081.18,4807.83,0,complicated,0
6096288e-6184-4a56-ac98-1dae209e2052,58073.77,1436.36,4,married,0
3fba955b-3d6f-467e-bde8-ae749d033fbb,460975.69,3536.42,1,married,0
3d75f7a7-82af-479f-b0fe-77eb142817ce,246664.13,4473.79,1,single,0
806fc13e-576f-46ac-99dd-749d8b18e950,491390.06,3907.01,3,complicated,0
6a5f174e-f7f7-4b12-81f4-5065d6ee37b1,238977.51,3929.78,0,married,0
0b4278ba-509a-4845-bd70-e21bae0b6a65,112505.72,255.02,4,complicated,0
931bb197-6b00-4a0f-a68d-08b8dabf069a,304187.19,965.06,1,single,0
17854b4a-8abf-4960-a953-5c8f09405083,381100.91,4641.17,2,single,0
b618b0f4-b944-4a10-a95f-91b1e10380e8,497414.3,2037.63,3,complicated,0
8d5de5f0-8e59-4b4a-a2ea-68109f928bef,306459.94,4952.02,3,single,0
e8bde20c-1f9d-4311-9c9b-4a359d9bd5e2,237502.79,4582.97,2,single,0
8c118cf2-60fa-450f-8286-0effb8fc5bdc,259803,3103.89,2,complicated,0
b2cf9df5-a46d-4516-8bb1-e73dd3e62f50,79546.79,2152.94,2,complicated,0
31656ca1-8a61-4c5f-a1de-198de44371c5,327794.04,1014.45,1,complicated,0
893589ef-91b5-48b4-b12d-1149b46ab0ec,390830.23,2623.64,1,single,1
4ce237ff-34f9-49ff-b524-99541afbf281,65479.95,63.51,1,complicated,0
10fda0bd-3e95-4499-8cc6-b9d05be38197,355707.99,3940.76,3,married,0
0c9551ca-1ba4-4ec6-a952-06a7abde658f,404207.87,1689.65,2,married,0
2dab0228-6278-4f69-bb06-5a4862d06180,119250.78,3166.23,2,complicated,1
32ad4ea0-fbd6-47c0-9440-d8cdbdfa5965,205523.91,4220.83,1,married,0
8815b6af-d5d7-45b7-81b9-667c06eb5255,331991.73,3813.86,1,single,0
501dad7b-5e56-4e2f-8566-1d80c2486cc4,286292.21,1157,2,married,0
9354265f-3fa2-402b-bf2e-a72264f3e4e8,214999.47,1442.44,3,married,0
fc395d03-3d15-4220-a3c2-f037ecfd72b7,57081.6,3007.53,1,single,0
d019ae43-819c-4e08-83b4-fc87c72e2601,240662.57,1923.71,1,single,0
18d2ea53-88e2-41c8-bcb7-44bad5bfb09e,216234.5,4319.16,1,single,0
e9df3fd4-e9da-42a4-8222-28475bc4429b,336733.91,27.86,4,complicated,0
19b912de-8a7b-424e-83d5-4c9894ac9a4c,269287.15,1221.73,1,complicated,0
ca86732d-c93f-40ad-ae3b-76889256e76f,307316.01,729.04,4,married,0
d4ce95fc-6d41-441f-99fd-93984278cb19,351456.53,4952.96,0,complicated,0
58d46286-0524-4ff0-ac3a-60d57daedfd1,165866.92,4684.97,2,complicated,0
69981ea4-2516-4c83-87cc-f10e87adc9eb,488762.72,4013.83,2,complicated,0
68b29292-0403-48f4-9a2e-6a6d1df027e4,220586.2,2320.14,2,married,0
cf895c1d-f4ab-47a5-8f16-e928eafcc074,355999.15,1727.44,4,complicated,0
00008a61-7e2d-4c47-9c30-2f33b7b56786,81981.79,3146.31,4,single,0
03da2548-4046-4886-a69e-12717643cb98,101152.34,3495.22,4,married,0
68f486d4-f6dc-44bc-b8d7-c62931cd850a,219273.75,3955.2,3,married,0
1d145601-e838-4026-b23d-4f4dd0bf95f2,132057.77,4123.45,3,single,0
90520362-da31-41f2-8a91-b0c5c5d41b8a,300582.67,3832.14,0,complicated,0
6833ca6c-3b01-4c1a-9789-8b0717935deb,72252.24,3616.55,4,married,0
03ff85ce-f7a8-4e53-895c-da61e17a8f02,196040.43,1978.54,2,married,0
aa568935-d7c8-4950-8e38-7d3798f1f5f9,245384.62,626.21,3,married,0
f924c7a3-bbcc-4343-a527-20a7c1cf701f,276920.5,4138.51,0,married,0
23cb9025-8e2b-4375-8f75-648317ef34c2,469038.01,732.32,2,married,0
77d08cfd-9632-41a1-96da-7a91b523ba6e,101620.8,1029.69,4,single,0
640226ab-1f32-4ffc-920e-9082e9c36c08,203130.07,3383.53,4,married,0
c2592b24-d50d-45e4-a65e-979cf6bb971c,270325.12,1273.2,0,married,0
46050139-c79a-4434-bb64-e57e5fdcb47e,76984.15,100.31,2,single,0
dd5013a7-67fd-4ab5-ab56-09585486c087,180051.81,4163.57,3,married,0
da218837-0d4c-4359-bbc3-b52950051f42,61433.25,1696.17,4,complicated,0
b1cb41f3-0a6c-4214-a2a4-6c6389f701d4,55354.16,1608.25,1,complicated,0
b6fce55f-ab4e-4e4a-aae4-4848c5c8faac,372541.5,4815.1,1,complicated,0
2858871f-596a-4e8b-9f3d-c8c5fe10e9c7,167976.24,3934.53,3,complicated,0
87865bbb-9b2c-4ef5-8ca9-76f0a465ab06,386120.41,566.75,3,married,0
5f8fb001-2b95-4d52-9ae0-d7d5e4d33777,449243.41,3902.14,4,complicated,0
e8a87ba1-759e-4ae0-a7c6-07df8f81a3e9,408391.76,1597.88,1,single,0
78ceb156-3334-4d9a-92ef-96f3b5f29407,435233.12,39.23,2,married,0
80a5e569-f3c3-4336-a2b6-cb372019ecc1,189460.27,4198.15,1,single,0
f38e6043-1ee0-49e9-9e31-7918206aafcf,213490.82,3794.14,0,complicated,0
90b007ee-569f-423d-93fa-40d52f4a89d6,264996.2,4520.02,2,married,0
b771888a-3ad6-4f91-907e-a1d21084eae2,477105.67,2987.14,4,complicated,0
d3325015-53fb-4bdd-9032-1bfa547972f7,102358.36,3983.43,4,single,0
0694ff06-68c4-4716-b2ab-20abbec21f2e,394525.72,1938.61,2,single,0
3f6fc26e-312f-4a8d-942c-7983eac69f51,428870.54,4851.3,4,complicated,0
fee1efe1-f8ba-4d16-a8d7-c06ba4050266,159096.84,216.01,1,single,0
345faff5-588c-4156-a7ec-15dfc0bd13fb,269761.47,4421.05,1,complicated,0
cbad20d4-692e-4d8e-963b-aa66902c602d,126408.12,2685.67,2,single,0
5f9e2679-1784-4554-a535-4e1bf6d2ab31,205116.7,1255.09,0,married,0
5330f1d1-1cb3-417c-96e4-73b478d293dd,346313.25,1890.97,3,complicated,0
bacc0e3b-7bb9-47a7-b2fb-649851af866c,296162.87,2955.33,0,married,0
f2c96342-8416-41ee-8689-eb2c50f6dce9,451360.26,4701.1,4,complicated,0
e1262d4e-c428-4154-a489-413fc11d8681,67149.49,3921.64,0,single,0
b613ee41-2de4-4dc4-ad59-12c2fcd6621f,392880.46,3762.03,2,single,1
7ed42582-e1fd-4d26-a875-49232f719c4b,156300.78,3844.4,2,married,0
8e4cbc16-c2f4-47a1-bac1-72a418ea5707,456468.07,2660.08,2,complicated,0
df280431-cbe6-4510-847a-567e3b88d7f4,390646.15,1632.76,3,single,0
a256a84d-b422-4724-b9bd-8c5961f35663,488218.41,3720.27,2,complicated,0
2e991eed-a9b9-4a77-ba17-2bbcdb2845bc,351316.92,4072.02,1,married,0
3cc3666e-6fbf-4875-b0b6-44891bcd7c39,493310.65,3389.04,3,married,0
5c5f6d22-4dc1-46a7-9357-b94a7e93f74a,462543.46,3898.36,4,married,0
15a559ae-bfd6-4921-be3e-373cb7498f34,145604.01,4975.65,4,married,0
fff13ef4-5765-4d3f-ae18-d9e72db5625c,401493.88,931.98,0,single,1
102fe32b-7b9c-43ac-985f-dfdb0c64523c,330584.35,1968.35,4,complicated,0
a78539a1-c460-4c7d-82a2-8c8feda9d727,93933.25,1758.88,2,single,0
c4703f70-14c3-4990-9dc2-9af3ca623167,369856.6,2226.57,4,married,0
e8457a1d-14d8-47c6-89b9-a1352516ef45,196995.8,4410.97,2,complicated,0
153ecb43-e8c6-4e08-8ca5-89394f0503b0,164331,2191.05,1,single,0
4039b737-b372-4fa5-ae2d-a4c2cfd90d98,91302.92,2059.4,3,married,0
6f3180a7-07e7-4e30-a54c-fdb34024cce5,261908.43,3764.1,4,married,0
ef6054b5-70ae-4fc8-a291-44a72772b525,388525.38,3506.33,3,married,0
2d3da752-fc7f-4aa1-a2bd-666f699f68d6,121537.74,4395.44,4,complicated,0
d11c38d7-90f1-44ab-b09c-a2d956f70c91,97274.91,2107.93,1,married,0
e47cdfa3-f350-4045-849b-9714930de6d6,486986.03,2687.92,4,married,0
981184bf-801a-4de1-8ff5-c92ae20bc131,377040.5,4027.02,1,married,0
b2690b52-fb7e-4f06-ad69-c820e9fb605d,84609.96,2546.23,2,complicated,0
5e1c8b8c-4676-4d6c-9ff6-f87a89834ef9,141415.91,219.7,1,single,0
2a60ee2e-911e-4eed-a721-af4e2dc905e0,198561.96,1289.22,0,married,0
06454faa-df54-488d-92b7-3c1fc2fbc262,491887.45,2571.25,1,married,0
51680850-21ef-40a0-87e1-74f2784eca00,492889.81,1262.63,4,single,0
b9292eba-82d9-4560-b650-d9fbd9f22af7,311392.5,2126.89,3,married,0
9a24273d-443e-4cb8-9180-ca1d22c948b7,75416.29,2007.48,3,single,0
844b52bf-ecca-4de3-b0f4-ba377ae3b021,154051.62,469.2,0,complicated,0
e39da161-ca2a-47b3-8f6d-0f3234241ae8,374582.2,1302.27,0,complicated,0
14d4f523-f1d2-46dd-aba9-8dc3b832b84e,188114.07,4352.87,3,married,0
b8245968-daef-4f22-8e6c-fbf8f6056a4b,446792.71,4399.84,1,single,0
aa435f41-04b1-4201-9fa5-f8ad4653508d,304446.85,549.28,4,complicated,0
7725ff92-89f3-4d00-967c-f3acce1cf7aa,404593.87,1080.44,1,married,0
6dca3841-ac12-43bd-973c-d3a722decdd0,247147.82,3317.01,0,complicated,1
627c9afa-38c7-4672-8893-b75afd5e2e1b,327528.06,227.27,2,complicated,0
b4683d4e-a6f2-4d48-84d6-126c5601b757,362470.36,2325.2,1,single,0
c6ce0beb-72d2-4783-af72-21842365bf4c,66384.01,902.71,1,single,0
348f773c-7830-4cc9-a046-a8abbbaf7ae3,394037.17,996.34,1,married,0
c9cec346-b605-4854-b25e-a96fca6adb1d,253833.89,4693.55,0,complicated,1
94254092-052e-41ea-98ea-68ae41e833fa,495267.34,3806.33,1,married,0
